#! FIELDS cv1 cv2 file.free der_cv1 der_cv2
#! SET min_cv1 -pi
#! SET max_cv1 pi
#! SET nbins_cv1  60
#! SET periodic_cv1 true
#! SET min_cv2 -pi
#! SET max_cv2 pi
#! SET nbins_cv2  60
#! SET periodic_cv2 true
   -3.141592654   -3.141592654   15.959725596  -46.262526229   14.823448420
   -3.036872898   -3.141592654   11.607472147  -36.726275834   14.798107354
   -2.932153143   -3.141592654    8.284472365  -26.683661497   14.908835105
   -2.827433388   -3.141592654    6.014985311  -16.761187818   15.259458986
   -2.722713633   -3.141592654    4.731558298   -7.935695024   15.930488207
   -2.617993878   -3.141592654    4.300899412   -0.546284685   16.810756401
   -2.513274123   -3.141592654    4.555111825    5.068715841   17.718528582
   -2.408554368   -3.141592654    5.305927585    8.948315384   18.491979290
   -2.303834613   -3.141592654    6.374796991   11.165634559   18.979032850
   -2.199114858   -3.141592654    7.600226429   12.050727990   19.359232387
   -2.094395102   -3.141592654    8.865069368   11.951768914   19.666787961
   -1.989675347   -3.141592654   10.094401604   11.433638797   20.082367485
   -1.884955592   -3.141592654   11.248540140   10.510543180   20.524735147
   -1.780235837   -3.141592654   12.271332720    9.001257725   21.022922688
   -1.675516082   -3.141592654   13.113316775    7.104445293   21.458660019
   -1.570796327   -3.141592654   13.781486619    5.858701588   22.013106887
   -1.466076572   -3.141592654   14.427507994    6.976926878   23.198506681
   -1.361356817   -3.141592654   15.372990481   11.767847185   25.416413333
   -1.256637061   -3.141592654   17.046039971   20.827973661   29.012832598
   -1.151917306   -3.141592654   19.844857892   32.965027595   33.917723895
   -1.047197551   -3.141592654   23.987886227   46.145200838   39.467954971
   -0.942477796   -3.141592654   29.460241686   57.920535635   44.688140610
   -0.837758041   -3.141592654   35.996009057   66.231353191   48.561159611
   -0.733038286   -3.141592654   43.174189615   70.064180250   50.188238366
   -0.628318531   -3.141592654   50.490488042   68.864959776   49.117652551
   -0.523598776   -3.141592654   57.434957969   63.086105053   45.153881695
   -0.418879020   -3.141592654   63.577103910   53.724557532   38.998781232
   -0.314159265   -3.141592654   68.608863231   42.115965774   31.333442436
   -0.209439510   -3.141592654   72.344513719   29.129571929   23.017266916
   -0.104719755   -3.141592654   74.681841925   15.393639702   14.668269793
    0.000000000   -3.141592654   75.550868748    1.095749153    6.565448779
    0.104719755   -3.141592654   74.868906479  -14.219932536   -1.183336742
    0.209439510   -3.141592654   72.545949727  -30.119595064   -8.580008126
    0.314159265   -3.141592654   68.585013377  -45.269977251  -15.342171809
    0.418879020   -3.141592654   63.171844855  -57.442919627  -21.070736107
    0.523598776   -3.141592654   56.729787928  -64.516362233  -25.180441862
    0.628318531   -3.141592654   49.907418843  -64.502934062  -27.044086859
    0.733038286   -3.141592654   43.477318078  -57.119644331  -26.414702193
    0.837758041   -3.141592654   38.157609300  -43.600329529  -23.633470550
    0.942477796   -3.141592654   34.479226402  -26.254145001  -19.379770055
    1.047197551   -3.141592654   32.695541303   -7.861571882  -14.662988007
    1.151917306   -3.141592654   32.789513509    9.308604981  -10.442824714
    1.256637061   -3.141592654   34.544611593   23.679153886   -7.310320173
    1.361356817   -3.141592654   37.630277762   34.680197248   -5.354730870
    1.466076572   -3.141592654   41.690517334   42.290406724   -4.392752006
    1.570796327   -3.141592654   46.364064116   46.315099381   -3.935509987
    1.675516082   -3.141592654   51.243345749   46.139764702   -3.691659522
    1.780235837   -3.141592654   55.867268234   41.368382100   -3.300853561
    1.884955592   -3.141592654   59.739267355   31.865844802   -2.574987000
    1.989675347   -3.141592654   62.412251278   18.677882019   -1.598462702
    2.094395102   -3.141592654   63.569861520    3.231977858   -0.272457579
    2.199114858   -3.141592654   63.065059746  -12.758216897    1.292727597
    2.303834613   -3.141592654   60.934832165  -27.674964138    3.163582847
    2.408554368   -3.141592654   57.333136005  -40.701802308    5.339463697
    2.513274123   -3.141592654   52.491179578  -51.232625356    7.754209015
    2.617993878   -3.141592654   46.705564769  -58.684592037   10.081313160
    2.722713633   -3.141592654   40.322525522  -62.613217352   12.095051880
    2.827433388   -3.141592654   33.713981892  -63.006881055   13.579885226
    2.932153143   -3.141592654   27.243997994  -60.040118150   14.436669055
    3.036872898   -3.141592654   21.236730190  -54.228066072   14.815200205

   -3.141592654   -3.036872898   17.782893723  -46.268696733   19.872019862
   -3.036872898   -3.036872898   13.423893522  -36.778484193   19.759438570
   -2.932153143   -3.036872898   10.106769467  -26.552612144   19.729296813
   -2.827433388   -3.036872898    7.861403506  -16.377816420   19.853937082
   -2.722713633   -3.036872898    6.629445316   -7.329497252   20.180637606
   -2.617993878   -3.036872898    6.271708980    0.170438926   20.699903356
   -2.513274123   -3.036872898    6.604467700    5.797397393   21.301083611
   -2.408554368   -3.036872898    7.428572580    9.576680217   21.899985556
   -2.303834613   -3.036872898    8.549884258   11.600328869   22.408128664
   -2.199114858   -3.036872898    9.811033978   12.343403292   22.799388194
   -2.094395102   -3.036872898   11.109413887   12.389860352   23.217867109
   -1.989675347   -3.036872898   12.389987126   11.963491284   23.712939603
   -1.884955592   -3.036872898   13.591112680   10.938245762   24.143802140
   -1.780235837   -3.036872898   14.658477288    9.320383930   24.530106746
   -1.675516082   -3.036872898   15.534802350    7.489211024   24.751167394
   -1.570796327   -3.036872898   16.265813077    6.764356100   25.420399066
   -1.466076572   -3.036872898   17.047075469    8.775670436   26.880867520
   -1.361356817   -3.036872898   18.249685941   14.911579866   29.532527802
   -1.256637061   -3.036872898   20.324569684   25.319238252   33.555606659
   -1.151917306   -3.036872898   23.640192942   38.254885135   38.479830249
   -1.047197551   -3.036872898   28.340636322   51.309994192   43.423737776
   -0.942477796   -3.036872898   34.299035735   61.883835630   47.422275034
   -0.837758041   -3.036872898   41.152783762   68.193495150   49.548274913
   -0.733038286   -3.036872898   48.400291847   69.368647251   49.191450490
   -0.628318531   -3.036872898   55.496666463   65.379612037   46.069928385
   -0.523598776   -3.036872898   61.947730462   57.278065808   40.702534571
   -0.418879020   -3.036872898   67.390308143   46.275195755   33.595735741
   -0.314159265   -3.036872898   71.595355214   33.871449409   25.567645164
   -0.209439510   -3.036872898   74.464411470   20.833213777   17.378740088
   -0.104719755   -3.036872898   75.945598407    7.379673931    9.463761844
    0.000000000   -3.036872898   75.996782644   -6.535864577    1.964516106
    0.104719755   -3.036872898   74.537547333  -21.435428527   -5.088250518
    0.209439510   -3.036872898   71.485529769  -36.819241939  -11.633926373
    0.314159265   -3.036872898   66.870474742  -51.061145861  -17.421693078
    0.418879020   -3.036872898   60.915845909  -61.902346147  -21.937073074
    0.523598776   -3.036872898   54.108339056  -66.963596440  -24.787291988
    0.628318531   -3.036872898   47.151138624  -64.637955906  -25.537803373
    0.733038286   -3.036872898   40.822159283  -55.073108512  -24.251559597
    0.837758041   -3.036872898   35.811627490  -39.867815267  -21.184858685
    0.942477796   -3.036872898   32.577729326  -21.643468040  -16.997959416
    1.047197551   -3.036872898   31.283641786   -3.274671873  -12.472619960
    1.151917306   -3.036872898   31.816975356   13.027354714   -8.349690990
    1.256637061   -3.036872898   33.902648719   26.236850977   -5.215674013
    1.361356817   -3.036872898   37.194001981   36.110009825   -3.183660914
    1.466076572   -3.036872898   41.356207178   42.883894885   -2.180030235
    1.570796327   -3.036872898   46.061043890   46.402112073   -1.995726310
    1.675516082   -3.036872898   50.941523201   46.111422824   -2.171581902
    1.780235837   -3.036872898   55.571261493   41.596253008   -2.384080645
    1.884955592   -3.036872898   59.486375946   32.469655029   -2.221006432
    1.989675347   -3.036872898   62.245710848   19.744562032   -1.524282111
    2.094395102   -3.036872898   63.543890335    4.813047493   -0.116843387
    2.199114858   -3.036872898   63.234437526  -10.664084077    1.996484353
    2.303834613   -3.036872898   61.345568980  -25.291510152    4.695171770
    2.408554368   -3.036872898   58.015407140  -37.988706042    7.672723259
    2.513274123   -3.036872898   53.464544433  -48.529490587   10.760448430
    2.617993878   -3.036872898   47.955588453  -56.173565705   13.732292345
    2.722713633   -3.036872898   41.811176457  -60.577118812   16.265998908
    2.827433388   -3.036872898   35.381579286  -61.644008928   18.140822294
    2.932153143   -3.036872898   29.017425810  -59.345622602   19.275833251
    3.036872898   -3.036872898   23.053612646  -54.052597601   19.804877782

   -3.141592654   -2.932153143   20.078126659  -46.341982548   23.737444952
   -3.036872898   -2.932153143   15.707008157  -36.930563518   23.566353202
   -2.932153143   -2.932153143   12.377304820  -26.604062062   23.431854721
   -2.827433388   -2.932153143   10.136016506  -16.275504937   23.367320915
   -2.722713633   -2.932153143    8.925904087   -7.020105204   23.494562540
   -2.617993878   -2.932153143    8.607191140    0.633296766   23.746505997
   -2.513274123   -2.932153143    8.990532379    6.337697537   24.091044843
   -2.408554368   -2.932153143    9.869619461   10.088885023   24.561630784
   -2.303834613   -2.932153143   11.042332178   12.064603528   25.049375255
   -2.199114858   -2.932153143   12.353872761   12.792132718   25.608699340
   -2.094395102   -2.932153143   13.705285500   12.932844355   26.198513313
   -1.989675347   -2.932153143   15.038177527   12.444065393   26.673294601
   -1.884955592   -2.932153143   16.281996636   11.243230559   27.039487506
   -1.780235837   -2.932153143   17.375245643    9.551288048   27.197506316
   -1.675516082   -2.932153143   18.282585481    7.902452841   27.531656548
   -1.570796327   -2.932153143   19.085377894    7.821804310   28.298671546
   -1.466076572   -2.932153143   20.039168500   11.063491390   30.190659225
   -1.361356817   -2.932153143   21.549142043   18.556604879   33.339637961
   -1.256637061   -2.932153143   24.057530427   29.874146670   37.535150617
   -1.151917306   -2.932153143   27.869284335   43.020299597   42.065748725
   -1.047197551   -2.932153143   33.032662962   55.259999630   45.866333378
   -0.942477796   -2.932153143   39.320146224   64.105426550   48.165141686
   -0.837758041   -2.932153143   46.288652876   68.084644632   48.226626690
   -0.733038286   -2.932153143   53.391642856   66.641776040   45.835163647
   -0.628318531   -2.932153143   60.076680131   60.337253215   41.120495725
   -0.523598776   -2.932153143   65.903672961   50.492982924   34.693168411
   -0.418879020   -2.932153143   70.577163358   38.501362857   27.161123156
   -0.314159265   -2.932153143   73.948710364   25.848070099   19.285626516
   -0.209439510   -2.932153143   75.983127813   13.028688062   11.659936615
   -0.104719755   -2.932153143   76.667086911    0.032697867    4.400286396
    0.000000000   -2.932153143   75.968216736  -13.551456424   -2.491840062
    0.104719755   -2.932153143   73.805943409  -27.892811995   -8.846338459
    0.209439510   -2.932153143   70.113856540  -42.572692251  -14.525066876
    0.314159265   -2.932153143   64.946603080  -55.724758755  -19.302284071
    0.418879020   -2.932153143   58.578953735  -65.025228030  -22.613730500
    0.523598776   -2.932153143   51.543398751  -68.174562619  -24.177474828
    0.628318531   -2.932153143   44.557965245  -63.966442457  -23.973944247
    0.733038286   -2.932153143   38.396194360  -52.657816525  -22.119029527
    0.837758041   -2.932153143   33.712020270  -36.163064065  -18.961835258
    0.942477796   -2.932153143   30.901348452  -17.393523601  -15.118317534
    1.047197551   -2.932153143   30.053305585    0.895348305  -11.156532213
    1.151917306   -2.932153143   30.997569236   16.588901129   -7.508328061
    1.256637061   -2.932153143   33.404973589   28.778549369   -4.509066845
    1.361356817   -2.932153143   36.912727952   37.684423246   -2.457660523
    1.466076572   -2.932153143   41.187407304   43.470587536   -1.240923414
    1.570796327   -2.932153143   45.917248551   46.326078968   -0.936957982
    1.675516082   -2.932153143   50.772904663   45.742985894   -1.142703639
    1.780235837   -2.932153143   55.368030415   41.299292010   -1.540840949
    1.884955592   -2.932153143   59.279582112   32.726861926   -1.694134495
    1.989675347   -2.932153143   62.105127832   20.755188894   -1.073884784
    2.094395102   -2.932153143   63.558307083    6.764074972    0.449774868
    2.199114858   -2.932153143   63.496538196   -7.876107620    3.033951285
    2.303834613   -2.932153143   61.920704747  -21.999823722    6.303522499
    2.408554368   -2.932153143   58.940512786  -34.584081554    9.929938724
    2.513274123   -2.932153143   54.742104584  -45.196852692   13.512198334
    2.617993878   -2.932153143   49.562799219  -53.191244234   16.821524807
    2.722713633   -2.932153143   43.698741613  -58.280885212   19.622301281
    2.827433388   -2.932153143   37.479274750  -60.037044352   21.732125467
    2.932153143   -2.932153143   31.244178678  -58.474052724   23.020758338
    3.036872898   -2.932153143   25.340506852  -53.756644931   23.625466989

   -3.141592654   -2.827433388   22.699043368  -46.328100418   26.072398683
   -3.036872898   -2.827433388   18.314454458  -37.087444059   25.977564881
   -2.932153143   -2.827433388   14.966793935  -26.788185865   25.754966249
   -2.827433388   -2.827433388   12.712223680  -16.365011263   25.541539321
   -2.722713633   -2.827433388   11.501591819   -7.013633673   25.475918312
   -2.617993878   -2.827433388   11.195928002    0.859834390   25.529878694
   -2.513274123   -2.827433388   11.609355786    6.693958624   25.717697479
   -2.408554368   -2.827433388   12.529602919   10.560944335   26.033206513
   -2.303834613   -2.827433388   13.755484919   12.633975814   26.525016732
   -2.199114858   -2.827433388   15.129192321   13.474790695   27.166141603
   -2.094395102   -2.827433388   16.544775434   13.459984195   27.758264971
   -1.989675347   -2.827433388   17.927076536   12.807314822   28.221482102
   -1.884955592   -2.827433388   19.207232265   11.473709973   28.549680210
   -1.780235837   -2.827433388   20.317459922    9.711827439   28.709090409
   -1.675516082   -2.827433388   21.258904031    8.438734927   29.100927089
   -1.570796327   -2.827433388   22.161039883    9.296470054   30.175661925
   -1.466076572   -2.827433388   23.329756620   13.746136691   32.470580748
   -1.361356817   -2.827433388   25.191300367   22.427600785   35.902430136
   -1.256637061   -2.827433388   28.139478137   34.242959534   40.103477180
   -1.151917306   -2.827433388   32.390470912   46.865175598   43.934333046
   -1.047197551   -2.827433388   37.888318812   57.638630049   46.521766484
   -0.942477796   -2.827433388   44.320782778   64.350024761   47.026932157
   -0.837758041   -2.827433388   51.190754388   65.948936547   45.107272280
   -0.733038286   -2.827433388   57.945735780   62.203185193   40.949915736
   -0.628318531   -2.827433388   64.069676424   54.166840036   35.014021040
   -0.523598776   -2.827433388   69.190700466   43.214736917   28.013756658
   -0.418879020   -2.827433388   73.075785247   30.866919965   20.580742626
   -0.314159265   -2.827433388   75.651254309   18.342084204   13.308465819
   -0.209439510   -2.827433388   76.922065282    5.881868134    6.334017587
   -0.104719755   -2.827433388   76.881561255   -6.698774768   -0.210767276
    0.000000000   -2.827433388   75.499017088  -19.841139300   -6.398893453
    0.104719755   -2.827433388   72.702553384  -33.614084914  -12.146409770
    0.209439510   -2.827433388   68.450225220  -47.465807773  -17.164647148
    0.314159265   -2.827433388   62.836406289  -59.299621424  -20.947765974
    0.418879020   -2.827433388   56.180966755  -66.916433430  -23.174387557
    0.523598776   -2.827433388   49.037866068  -68.352077442  -23.724946396
    0.628318531   -2.827433388   42.123445361  -62.509573374  -22.521102707
    0.733038286   -2.827433388   36.185155922  -49.905950735  -20.086268554
    0.837758041   -2.827433388   31.832528948  -32.668598653  -16.950347470
    0.942477796   -2.827433388   29.403159090  -13.684413803  -13.558049177
    1.047197551   -2.827433388   28.934425011    4.389583355  -10.297840506
    1.151917306   -2.827433388   30.222263545   19.626969482   -7.407694271
    1.256637061   -2.827433388   32.919092333   31.224619871   -4.879730652
    1.361356817   -2.827433388   36.642326035   39.320493791   -2.846331929
    1.466076572   -2.827433388   41.049968321   44.349651505   -1.489255391
    1.570796327   -2.827433388   45.831324712   46.467073143   -0.818765177
    1.675516082   -2.827433388   50.675188865   45.464389556   -0.835103725
    1.780235837   -2.827433388   55.233446302   40.991132793   -1.106183804
    1.884955592   -2.827433388   59.133653010   32.954310872   -1.142001122
    1.989675347   -2.827433388   62.027235679   21.907746942   -0.390134016
    2.094395102   -2.827433388   63.654994576    8.949267318    1.432756311
    2.199114858   -2.827433388   63.878087319   -4.724856397    4.275434817
    2.303834613   -2.827433388   62.662796818  -18.308444131    7.839911502
    2.408554368   -2.827433388   60.079734143  -30.794511920   11.734376950
    2.513274123   -2.827433388   56.270856532  -41.603334971   15.572289513
    2.617993878   -2.827433388   51.447821634  -50.079289157   19.002714423
    2.722713633   -2.827433388   45.880756616  -55.717647848   21.809484294
    2.827433388   -2.827433388   39.880713030  -58.294115694   23.900659484
    2.932153143   -2.827433388   33.782481070  -57.554208351   25.172039351
    3.036872898   -2.827433388   27.944304514  -53.418540830   25.822900755

   -3.141592654   -2.722713633   25.480773059  -46.318495032   26.863510691
   -3.036872898   -2.722713633   21.089184559  -37.215683260   26.830309208
   -2.932153143   -2.722713633   17.725523692  -26.934001586   26.767368554
   -2.827433388   -2.722713633   15.454557372  -16.572174669   26.611666187
   -2.722713633   -2.722713633   14.231555418   -7.074187406   26.469659303
   -2.617993878   -2.722713633   13.920531437    0.820746343   26.375543304
   -2.513274123   -2.722713633   14.338012953    6.807234075   26.300167862
   -2.408554368   -2.722713633   15.279712332   10.875770026   26.395776922
   -2.303834613   -2.722713633   16.554784092   13.186786268   26.758353693
   -2.199114858   -2.722713633   17.993640775   14.093449545   27.328572884
   -2.094395102   -2.722713633   19.471787470   14.031174623   27.902424156
   -1.989675347   -2.722713633   20.903314385   13.214004626   28.375921641
   -1.884955592   -2.722713633   22.210043422   11.647500694   28.652682875
   -1.780235837   -2.722713633   23.341894746    9.966477471   28.822192865
   -1.675516082   -2.722713633   24.328280420    9.199105199   29.309712961
   -1.570796327   -2.722713633   25.359359279   11.064561625   30.647035958
   -1.466076572   -2.722713633   26.780875410   16.747601756   33.115056908
   -1.361356817   -2.722713633   29.005189353   26.313247524   36.643766795
   -1.256637061   -2.722713633   32.373328969   38.176057417   40.406669912
   -1.151917306   -2.722713633   36.988596277   49.734667277   43.480705982
   -1.047197551   -2.722713633   42.690299868   58.544462780   44.745473631
   -0.942477796   -2.722713633   49.091763059   62.891338415   43.761434744
   -0.837758041   -2.722713633   55.682266328   62.150168542   40.410196649
   -0.733038286   -2.722713633   61.934995019   56.583635874   35.098220763
   -0.628318531   -2.722713633   67.399156545   47.352881344   28.541110850
   -0.523598776   -2.722713633   71.775263118   35.975813732   21.420111624
   -0.418879020   -2.722713633   74.903585973   23.738987338   14.435835752
   -0.314159265   -2.722713633   76.749380052   11.577819672    7.809868906
   -0.209439510   -2.722713633   77.333430695   -0.465900100    1.629038542
   -0.104719755   -2.722713633   76.643367120  -12.736377429   -4.237013583
    0.000000000   -2.722713633   74.646867121  -25.504897920   -9.777748804
    0.104719755   -2.722713633   71.279977881  -38.771401402  -14.951426903
    0.209439510   -2.722713633   66.537651882  -51.530187171  -19.276193955
    0.314159265   -2.722713633   60.565837440  -61.916945496  -22.344503511
    0.418879020   -2.722713633   53.727156597  -67.816721455  -23.623123094
    0.523598776   -2.722713633   46.584660866  -67.475812182  -23.145436027
    0.628318531   -2.722713633   39.837719143  -60.212376019  -21.093903836
    0.733038286   -2.722713633   34.185231873  -46.865058426  -18.166032060
    0.837758041   -2.722713633   30.162080396  -29.484555133  -15.004469544
    0.942477796   -2.722713633   28.059883823  -10.645986357  -12.036965035
    1.047197551   -2.722713633   27.895752626    7.130557826   -9.455696086
    1.151917306   -2.722713633   29.449231641   22.029559180   -7.305354084
    1.256637061   -2.722713633   32.379639006   33.303098927   -5.372622919
    1.361356817   -2.722713633   36.299482636   40.980436215   -3.663802204
    1.466076572   -2.722713633   40.854807590   45.501266987   -2.317094212
    1.570796327   -2.722713633   45.718914475   46.937154606   -1.399972556
    1.675516082   -2.722713633   50.582744422   45.469899834   -1.010396397
    1.780235837   -2.722713633   55.132293478   40.890777576   -0.840222045
    1.884955592   -2.722713633   59.042515719   33.312980908   -0.628856543
    1.989675347   -2.722713633   62.022205356   23.258633511    0.302007267
    2.094395102   -2.722713633   63.850857642   11.389394142    2.282503027
    2.199114858   -2.722713633   64.379144065   -1.425318645    5.226382610
    2.303834613   -2.722713633   63.544122350  -14.454535259    8.893386427
    2.408554368   -2.722713633   61.374339800  -26.863818545   12.854663316
    2.513274123   -2.722713633   57.966704824  -37.933555025   16.660977406
    2.617993878   -2.722713633   53.501011327  -46.970017235   19.977555951
    2.722713633   -2.722713633   48.223585371  -53.331432500   22.708030022
    2.827433388   -2.722713633   42.434445188  -56.683960233   24.692963836
    2.932153143   -2.722713633   36.474642027  -56.638333364   25.983153828
    3.036872898   -2.722713633   30.704751187  -52.985407318   26.639187738

   -3.141592654   -2.617993878   28.294947666  -46.167028473   26.828077074
   -3.036872898   -2.617993878   23.912791265  -37.183573682   26.978752895
   -2.932153143   -2.617993878   20.544752934  -26.986156821   26.959867068
   -2.827433388   -2.617993878   18.263902997  -16.656337795   26.953013658
   -2.722713633   -2.617993878   17.024142973   -7.266655780   26.765684975
   -2.617993878   -2.617993878   16.692371097    0.634234533   26.450236591
   -2.513274123   -2.617993878   17.094386603    6.706060608   26.213281720
   -2.408554368   -2.617993878   18.033166009   10.972692491   26.036936908
   -2.303834613   -2.617993878   19.331858393   13.561217311   26.138053239
   -2.199114858   -2.617993878   20.817303735   14.630585899   26.464103473
   -2.094395102   -2.617993878   22.355422457   14.535347155   27.012311783
   -1.989675347   -2.617993878   23.834734093   13.573622885   27.469809612
   -1.884955592   -2.617993878   25.168381100   11.866980273   27.723934553
   -1.780235837   -2.617993878   26.317391454   10.160836394   27.862674326
   -1.675516082   -2.617993878   27.357473124   10.081092738   28.375394567
   -1.570796327   -2.617993878   28.529961365   12.923155172   29.670345337
   -1.466076572   -2.617993878   30.206488112   19.747817825   32.067461269
   -1.361356817   -2.617993878   32.785813531   29.876663081   35.207799957
   -1.256637061   -2.617993878   36.513610651   41.339989513   38.324574771
   -1.151917306   -2.617993878   41.398335168   51.497118308   40.380602979
   -1.047197551   -2.617993878   47.178996650   58.185679603   40.572864014
   -0.942477796   -2.617993878   53.417956798   60.149146082   38.526807206
   -0.837758041   -2.617993878   59.604584525   57.272506666   34.282300379
   -0.733038286   -2.617993878   65.269642931   50.286742126   28.483473194
   -0.628318531   -2.617993878   70.040516600   40.436310386   21.865145988
   -0.523598776   -2.617993878   73.689442426   29.121343054   15.196823788
   -0.418879020   -2.617993878   76.114172754   17.209222162    8.752438107
   -0.314159265   -2.617993878   77.304863619    5.549121059    2.865546186
   -0.209439510   -2.617993878   77.277122579   -6.082259820   -2.646428483
   -0.104719755   -2.617993878   76.009435633  -18.143564798   -7.864640767
    0.000000000   -2.617993878   73.459219206  -30.664281677  -12.875668545
    0.104719755   -2.617993878   69.583764086  -43.345969508  -17.436289183
    0.209439510   -2.617993878   64.420990520  -54.943263713  -21.063906729
    0.314159265   -2.617993878   58.175487840  -63.729849114  -23.256729664
    0.418879020   -2.617993878   51.243338649  -67.718833783  -23.737841975
    0.523598776   -2.617993878   44.199329780  -65.742009267  -22.376193997
    0.628318531   -2.617993878   37.701805070  -57.364905044  -19.675274413
    0.733038286   -2.617993878   32.376622238  -43.607230757  -16.382452531
    0.837758041   -2.617993878   28.691015101  -26.376758172  -13.147557129
    0.942477796   -2.617993878   26.886985887   -8.072219228  -10.341577864
    1.047197551   -2.617993878   26.961673941    9.128781645   -8.280431121
    1.151917306   -2.617993878   28.710475584   23.719931821   -6.766922064
    1.256637061   -2.617993878   31.807090516   34.820945298   -5.454193140
    1.361356817   -2.617993878   35.879308029   42.403197217   -4.246915631
    1.466076572   -2.617993878   40.570900135   46.642532784   -3.079589045
    1.570796327   -2.617993878   45.536368720   47.706842697   -2.127965592
    1.675516082   -2.617993878   50.458461711   45.814466876   -1.418654198
    1.780235837   -2.617993878   55.039607239   41.163531885   -0.962615914
    1.884955592   -2.617993878   58.996696283   33.994491172   -0.283907224
    1.989675347   -2.617993878   62.085524318   24.780583943    0.867398864
    2.094395102   -2.617993878   64.123314361   13.902418066    2.886217975
    2.199114858   -2.617993878   64.958942830    1.919377366    5.833175943
    2.303834613   -2.617993878   64.505705928  -10.612224376    9.380920072
    2.408554368   -2.617993878   62.741498395  -22.997407501   13.057786209
    2.513274123   -2.617993878   59.724300646  -34.461600263   16.714276338
    2.617993878   -2.617993878   55.596389694  -44.048024920   19.840499510
    2.722713633   -2.617993878   50.592331803  -51.053765950   22.377007839
    2.827433388   -2.617993878   45.008281978  -55.074581736   24.293521659
    2.932153143   -2.617993878   39.180950129  -55.609913528   25.607615966
    3.036872898   -2.617993878   33.489957343  -52.490506853   26.396263849

   -3.141592654   -2.513274123   31.067492256  -45.796532270   26.013110652
   -3.036872898   -2.513274123   26.713600694  -36.993767787   26.470627390
   -2.932153143   -2.513274123   23.358123290  -26.923860325   26.677023474
   -2.827433388   -2.513274123   21.077740195  -16.746032530   26.706235116
   -2.722713633   -2.513274123   19.815743188   -7.540948793   26.554952430
   -2.617993878   -2.513274123   19.445690745    0.235965900   26.067490147
   -2.513274123   -2.513274123   19.800905199    6.313085626   25.499492949
   -2.408554368   -2.513274123   20.708335591   10.735116088   24.978400781
   -2.303834613   -2.513274123   21.997765621   13.624177611   24.681267074
   -2.199114858   -2.513274123   23.509735828   15.031497703   24.848007231
   -2.094395102   -2.513274123   25.097147553   15.051284044   25.315243806
   -1.989675347   -2.513274123   26.625132996   13.948890440   25.765053037
   -1.884955592   -2.513274123   27.988265385   12.030870192   26.059344257
   -1.780235837   -2.513274123   29.156638859   10.445987935   26.307116588
   -1.675516082   -2.513274123   30.247108834   10.850447558   26.678576823
   -1.570796327   -2.513274123   31.544847521   14.627754451   27.789054956
   -1.466076572   -2.513274123   33.447009859   22.304875824   29.609561273
   -1.361356817   -2.513274123   36.313799766   32.740112064   31.858247872
   -1.256637061   -2.513274123   40.315606439   43.577263831   33.968548151
   -1.151917306   -2.513274123   45.360642002   52.221338273   34.958285507
   -1.047197551   -2.513274123   51.110768917   56.816269517   34.205837257
   -0.942477796   -2.513274123   57.095651759   56.665059109   31.452258933
   -0.837758041   -2.513274123   62.822625323   52.054123935   27.019553306
   -0.733038286   -2.513274123   67.881566078   44.086675033   21.316171666
   -0.628318531   -2.513274123   71.980400883   33.949923276   15.159619768
   -0.523598776   -2.513274123   74.956001660   22.776890798    9.035281940
   -0.418879020   -2.513274123   76.746445485   11.427424662    3.257926145
   -0.314159265   -2.513274123   77.349381944    0.138456981   -2.054190067
   -0.209439510   -2.513274123   76.773793772  -11.201781813   -7.017542268
   -0.104719755   -2.513274123   74.987188229  -22.990609016  -11.727981924
    0.000000000   -2.513274123   71.943759852  -35.172813761  -16.121113541
    0.104719755   -2.513274123   67.626967723  -47.100760249  -19.983844157
    0.209439510   -2.513274123   62.128593851  -57.501730699  -22.750545054
    0.314159265   -2.513274123   55.696990406  -64.621187360  -24.022498482
    0.418879020   -2.513274123   48.764826360  -66.830368802  -23.568935241
    0.523598776   -2.513274123   41.897797814  -63.310467206  -21.554321498
    0.628318531   -2.513274123   35.706163664  -54.027073736  -18.449170419
    0.733038286   -2.513274123   30.742953418  -40.105093026  -14.847656665
    0.837758041   -2.513274123   27.406635724  -23.307108355  -11.417026314
    0.942477796   -2.513274123   25.886660575   -5.777538863   -8.781884320
    1.047197551   -2.513274123   26.160183062   10.707377650   -6.992872582
    1.151917306   -2.513274123   28.045039061   24.820605782   -5.955683683
    1.256637061   -2.513274123   31.243844792   35.743014304   -5.264437014
    1.361356817   -2.513274123   35.413997207   43.344608709   -4.612530930
    1.466076572   -2.513274123   40.203068434   47.561327224   -3.885741482
    1.570796327   -2.513274123   45.268733454   48.572616568   -3.006532069
    1.675516082   -2.513274123   50.276513524   46.569182749   -2.094773090
    1.780235837   -2.513274123   54.928067952   41.889637394   -1.213676942
    1.884955592   -2.513274123   58.972297108   34.994185266   -0.220406190
    1.989675347   -2.513274123   62.198173933   26.397035107    1.251500556
    2.094395102   -2.513274123   64.448816792   16.361139994    3.257582188
    2.199114858   -2.513274123   65.583063309    5.124381420    5.982172472
    2.303834613   -2.513274123   65.481799199   -7.119557941    9.130162686
    2.408554368   -2.513274123   64.085786838  -19.483868271   12.454029135
    2.513274123   -2.513274123   61.426954036  -31.106545137   15.637727757
    2.617993878   -2.513274123   57.614937236  -41.307908897   18.542254028
    2.722713633   -2.513274123   52.869066889  -48.871987345   20.944487852
    2.827433388   -2.513274123   47.484528806  -53.393194277   22.879216173
    2.932153143   -2.513274123   41.804629214  -54.489858663   24.357396835
    3.036872898   -2.513274123   36.206149537  -51.797774392   25.324002849

   -3.141592654   -2.408554368   33.720268937  -45.057819616   24.549401087
   -3.036872898   -2.408554368   29.428441179  -36.556523489   25.328853825
   -2.932153143   -2.408554368   26.111961938  -26.660396716   25.789161221
   -2.827433388   -2.408554368   23.841189831  -16.772480221   25.976577174
   -2.722713633   -2.408554368   22.559887261   -7.924703207   25.716742169
   -2.617993878   -2.408554368   22.129462536   -0.477569427   25.085132301
   -2.513274123   -2.408554368   22.409253421    5.602943721   24.243755176
   -2.408554368   -2.408554368   23.244038433   10.146433724   23.378583047
   -2.303834613   -2.408554368   24.490945993   13.449633384   22.827776924
   -2.199114858   -2.408554368   26.009335559   15.313695304   22.822383491
   -2.094395102   -2.408554368   27.641956068   15.579281799   23.185611627
   -1.989675347   -2.408554368   29.218589474   14.339654605   23.697228055
   -1.884955592   -2.408554368   30.612551089   12.251643649   23.950871818
   -1.780235837   -2.408554368   31.799151375   10.639908221   24.108101230
   -1.675516082   -2.408554368   32.923851326   11.355623221   24.300690236
   -1.570796327   -2.408554368   34.308408778   15.763049632   24.886592313
   -1.466076572   -2.408554368   36.363048693   23.980560111   25.905748510
   -1.361356817   -2.408554368   39.409776573   34.457109973   27.096591432
   -1.256637061   -2.408554368   43.568605379   44.670513109   27.942796022
   -1.151917306   -2.408554368   48.660205845   51.943922936   27.842811004
   -1.047197551   -2.408554368   54.287628774   54.748297375   26.245488436
   -0.942477796   -2.408554368   59.964534315   52.920020605   23.140460214
   -0.837758041   -2.408554368   65.226731147   47.019583838   18.752090355
   -0.733038286   -2.408554368   69.713656582   38.296606198   13.538316902
   -0.628318531   -2.408554368   73.196655471   28.021768337    7.970495720
   -0.523598776   -2.408554368   75.563935352   17.181798114    2.530047874
   -0.418879020   -2.408554368   76.785487531    6.195383462   -2.583088902
   -0.314159265   -2.408554368   76.859997392   -4.767232437   -7.419235614
   -0.209439510   -2.408554368   75.783622923  -15.845787022  -11.994791482
   -0.104719755   -2.408554368   73.528363057  -27.300386022  -16.237039330
    0.000000000   -2.408554368   70.054902185  -38.976851050  -20.007618003
    0.104719755   -2.408554368   65.385398961  -50.006119210  -22.929629228
    0.209439510   -2.408554368   59.654006945  -59.050642983  -24.590565518
    0.314159265   -2.408554368   53.146639773  -64.503486972  -24.735838232
    0.418879020   -2.408554368   46.311896661  -65.155163096  -23.325356224
    0.523598776   -2.408554368   39.689857084  -60.385390374  -20.603503949
    0.628318531   -2.408554368   33.846155759  -50.434145210  -17.062092144
    0.733038286   -2.408554368   29.265753775  -36.496897063  -13.420226539
    0.837758041   -2.408554368   26.280585074  -20.329358723  -10.203289469
    0.942477796   -2.408554368   25.028155383   -3.672887182   -7.724426917
    1.047197551   -2.408554368   25.472259207   11.901545004   -6.276894347
    1.151917306   -2.408554368   27.446413275   25.383581988   -5.583856848
    1.256637061   -2.408554368   30.692328094   36.102152759   -5.421477421
    1.361356817   -2.408554368   34.903023052   43.830913905   -5.245296856
    1.466076572   -2.408554368   39.752276036   48.293645228   -4.818600208
    1.570796327   -2.408554368   44.900731253   49.500157953   -4.079797108
    1.675516082   -2.408554368   50.006545284   47.551075942   -3.102542725
    1.780235837   -2.408554368   54.770058628   43.045904580   -1.851456059
    1.884955592   -2.408554368   58.945297457   36.392015209   -0.366409041
    1.989675347   -2.408554368   62.334489922   28.142432788    1.319477051
    2.094395102   -2.408554368   64.794763509   18.648933707    3.274735326
    2.199114858   -2.408554368   66.191594639    7.783681702    5.585106403
    2.303834613   -2.408554368   66.392958247   -4.081133930    8.178082452
    2.408554368   -2.408554368   65.319189858  -16.427724201   10.968462326
    2.513274123   -2.408554368   62.967881446  -28.262287700   13.671291866
    2.617993878   -2.408554368   59.443972129  -38.701887079   16.243399222
    2.722713633   -2.408554368   54.950649126  -46.694818084   18.638396093
    2.827433388   -2.408554368   49.771294097  -51.671645725   20.650787853
    2.932153143   -2.408554368   44.252980226  -53.122407700   22.251363284
    3.036872898   -2.408554368   38.773488711  -50.897198079   23.572804786

   -3.141592654   -2.303834613   36.186909850  -44.071667715   22.412057903
   -3.036872898   -2.303834613   31.987988554  -35.756613937   23.396700790
   -2.932153143   -2.303834613   28.734303568  -26.238585596   24.070571328
   -2.827433388   -2.303834613   26.487197802  -16.786275681   24.387407311
   -2.722713633   -2.303834613   25.181207531   -8.417801214   24.182264130
   -2.617993878   -2.303834613   24.681248495   -1.350783037   23.434615396
   -2.513274123   -2.303834613   24.857758578    4.535817587   22.373091540
   -2.408554368   -2.303834613   25.584744520    9.203027345   21.192715949
   -2.303834613   -2.303834613   26.760014330   13.052041374   20.420225337
   -2.199114858   -2.303834613   28.267236047   15.445027225   20.227540961
   -2.094395102   -2.303834613   29.935847481   16.077526695   20.515511565
   -1.989675347   -2.303834613   31.564048936   14.737313503   20.953972349
   -1.884955592   -2.303834613   32.990632854   12.450463612   21.336630608
   -1.780235837   -2.303834613   34.190334785   10.693110700   21.452897074
   -1.675516082   -2.303834613   35.323796308   11.506051062   21.409923744
   -1.570796327   -2.303834613   36.737327534   16.201453390   21.427395157
   -1.466076572   -2.303834613   38.846749917   24.590716167   21.485278096
   -1.361356817   -2.303834613   41.960197456   34.944987741   21.522554456
   -1.256637061   -2.303834613   46.138577409   44.484254383   21.112048780
   -1.151917306   -2.303834613   51.157808221   50.665745655   19.790596375
   -1.047197551   -2.303834613   56.579957073   52.148812298   17.474691660
   -0.942477796   -2.303834613   61.916750610   49.061026495   14.068409162
   -0.837758041   -2.303834613   66.725626822   42.307958255    9.800178797
   -0.733038286   -2.303834613   70.690914205   33.137667051    5.045577615
   -0.628318531   -2.303834613   73.627464218   22.822411948    0.185936103
   -0.523598776   -2.303834613   75.463965462   12.215759871   -4.564064311
   -0.418879020   -2.303834613   76.181833381    1.468964736   -9.042591107
   -0.314159265   -2.303834613   75.774215007   -9.253774946  -13.414420332
   -0.209439510   -2.303834613   74.241186412  -20.073024462  -17.557285373
   -0.104719755   -2.303834613   71.562555796  -31.110108544  -21.388835794
    0.000000000   -2.303834613   67.731425174  -41.921651473  -24.477023158
    0.104719755   -2.303834613   62.809833092  -51.777631292  -26.261897658
    0.209439510   -2.303834613   56.969712597  -59.314214482  -26.660384102
    0.314159265   -2.303834613   50.516337876  -63.236612071  -25.476552826
    0.418879020   -2.303834613   43.885007162  -62.607280515  -23.018012241
    0.523598776   -2.303834613   37.583686706  -56.903171571  -19.604799709
    0.628318531   -2.303834613   32.121210484  -46.729596229  -15.865935826
    0.733038286   -2.303834613   27.919361491  -33.078690095  -12.368376115
    0.837758041   -2.303834613   25.254558895  -17.639742063   -9.556044475
    0.942477796   -2.303834613   24.232896442   -1.961865041   -7.664219103
    1.047197551   -2.303834613   24.806104919   12.679780995   -6.696831645
    1.151917306   -2.303834613   26.825611144   25.566675491   -6.488390853
    1.256637061   -2.303834613   30.075449518   36.086886845   -6.620273252
    1.361356817   -2.303834613   34.288622764   43.923599975   -6.672701008
    1.466076572   -2.303834613   39.171495370   48.772484023   -6.381896325
    1.570796327   -2.303834613   44.390472030   50.389804731   -5.679849190
    1.675516082   -2.303834613   49.615392069   48.879599620   -4.401854888
    1.780235837   -2.303834613   54.530783139   44.576264230   -2.817612930
    1.884955592   -2.303834613   58.876224409   38.145250285   -0.987056144
    1.989675347   -2.303834613   62.457658635   30.058442779    0.961140728
    2.094395102   -2.303834613   65.121984091   20.627475067    2.877006016
    2.199114858   -2.303834613   66.736473624    9.987507118    4.762551264
    2.303834613   -2.303834613   67.177789425   -1.716500385    6.694095352
    2.408554368   -2.303834613   66.356273847  -13.997937548    8.741074653
    2.513274123   -2.303834613   64.264045279  -25.817304648   10.949501936
    2.617993878   -2.303834613   60.991826304  -36.329430758   13.214991735
    2.722713633   -2.303834613   56.739985844  -44.467756858   15.455201075
    2.827433388   -2.303834613   51.779360773  -49.729789863   17.588557950
    2.932153143   -2.303834613   46.447741052  -51.516586189   19.519721790
    3.036872898   -2.303834613   41.120996432  -49.628110905   21.088938981

   -3.141592654   -2.199114858   38.375847627  -42.811298980   19.271671070
   -3.036872898   -2.199114858   34.292453402  -34.862391001   20.420522777
   -2.932153143   -2.199114858   31.117246773  -25.674729695   21.259808721
   -2.827433388   -2.199114858   28.907343780  -16.664394486   21.626872587
   -2.722713633   -2.199114858   27.583207013   -8.843053172   21.476601624
   -2.617993878   -2.199114858   27.006313393   -2.355286810   20.766160241
   -2.513274123   -2.199114858   27.060146902    3.257297960   19.534133474
   -2.408554368   -2.199114858   27.664205362    8.194066199   18.345816257
   -2.303834613   -2.199114858   28.754333126   12.426791151   17.540558959
   -2.199114858   -2.199114858   30.228033716   15.438370014   17.150938222
   -2.094395102   -2.199114858   31.915008360   16.374352917   17.150008868
   -1.989675347   -2.199114858   33.584410736   15.203278231   17.509856138
   -1.884955592   -2.199114858   35.055036541   12.726822282   17.911679920
   -1.780235837   -2.199114858   36.266933589   10.700932219   18.087268281
   -1.675516082   -2.199114858   37.390198799   11.335039480   17.964391722
   -1.570796327   -2.199114858   38.780295737   15.951613021   17.560657275
   -1.466076572   -2.199114858   40.853307815   24.168051591   16.813813156
   -1.361356817   -2.199114858   43.910124617   34.235277137   15.768170795
   -1.256637061   -2.199114858   47.981796314   43.063740051   14.102294151
   -1.151917306   -2.199114858   52.808037375   48.369435705   11.781479922
   -1.047197551   -2.199114858   57.946215930   48.947523188    8.613511691
   -0.942477796   -2.199114858   62.902923117   45.028255331    4.755846655
   -0.837758041   -2.199114858   67.264378480   37.807100199    0.505856702
   -0.733038286   -2.199114858   70.755091552   28.600597503   -3.848238598
   -0.628318531   -2.199114858   73.218451545   18.360013348   -8.039789711
   -0.523598776   -2.199114858   74.596558659    7.904873906  -12.050627955
   -0.418879020   -2.199114858   74.873086674   -2.681431006  -16.002066404
   -0.314159265   -2.199114858   74.035576648  -13.271091296  -19.807823548
   -0.209439510   -2.199114858   72.094992905  -23.840069928  -23.422712432
   -0.104719755   -2.199114858   69.048845630  -34.278266923  -26.513337052
    0.000000000   -2.199114858   64.945677934  -43.957259232  -28.616920366
    0.104719755   -2.199114858   59.891421626  -52.256123206  -29.331982845
    0.209439510   -2.199114858   54.082430860  -58.181570857  -28.364584828
    0.314159265   -2.199114858   47.819733882  -60.761648734  -25.921589196
    0.418879020   -2.199114858   41.505912328  -59.079269840  -22.366887997
    0.523598776   -2.199114858   35.592822397  -53.074264822  -18.415323417
    0.628318531   -2.199114858   30.523479019  -43.134823265  -14.666265621
    0.733038286   -2.199114858   26.661279039  -30.257707687  -11.677073129
    0.837758041   -2.199114858   24.250980610  -15.653191846   -9.696662917
    0.942477796   -2.199114858   23.382382621   -0.967692788   -8.719910761
    1.047197551   -2.199114858   24.021350267   12.960246151   -8.460650546
    1.151917306   -2.199114858   26.044308386   25.404641041   -8.666112307
    1.256637061   -2.199114858   29.271124629   35.869334793   -8.911243871
    1.361356817   -2.199114858   33.473936296   43.966264028   -9.064232632
    1.466076572   -2.199114858   38.385946326   49.325977531   -8.696086608
    1.570796327   -2.199114858   43.696115280   51.581981334   -7.605787307
    1.675516082   -2.199114858   49.068761900   50.507267017   -6.009901990
    1.780235837   -2.199114858   54.170841051   46.470291036   -4.089365864
    1.884955592   -2.199114858   58.726752457   40.161554749   -1.894727400
    1.989675347   -2.199114858   62.517417159   31.989504179    0.139633300
    2.094395102   -2.199114858   65.378516172   22.398315345    1.920347429
    2.199114858   -2.199114858   67.172750730   11.637386080    3.435461544
    2.303834613   -2.199114858   67.783029508   -0.107091744    4.778227438
    2.408554368   -2.199114858   67.138920310  -12.203453917    6.159116340
    2.513274123   -2.199114858   65.245232384  -23.791743528    7.715701606
    2.617993878   -2.199114858   62.191611858  -34.164270953    9.661972060
    2.722713633   -2.199114858   58.165697258  -42.285686529   11.744820610
    2.827433388   -2.199114858   53.433425481  -47.608457227   13.931831717
    2.932153143   -2.199114858   48.310810324  -49.645619110   15.959042401
    3.036872898   -2.199114858   43.163545018  -48.013370653   17.776814842

   -3.141592654   -2.094395102   40.200723147  -41.512049978   15.504363292
   -3.036872898   -2.094395102   36.236332289  -33.935393796   16.535185575
   -2.932153143   -2.094395102   33.141757014  -25.114938376   17.210644287
   -2.827433388   -2.094395102   30.966983345  -16.539135557   17.469602463
   -2.722713633   -2.094395102   29.627824446   -9.263600981   17.344889491
   -2.617993878   -2.094395102   28.983153856   -3.242325325   16.833134954
   -2.513274123   -2.094395102   28.927868863    2.117739957   15.982257243
   -2.408554368   -2.094395102   29.413182687    7.146885308   15.004440705
   -2.303834613   -2.094395102   30.410561005   11.757861004   14.087060558
   -2.199114858   -2.094395102   31.837424104   15.159586476   13.582455049
   -2.094395102   -2.094395102   33.515963392   16.535222512   13.364522602
   -1.989675347   -2.094395102   35.217435270   15.528500834   13.516696171
   -1.884955592   -2.094395102   36.719196116   13.022114765   13.742450597
   -1.780235837   -2.094395102   37.948186958   10.724519788   13.990623479
   -1.675516082   -2.094395102   39.058468913   11.012639325   13.852621540
   -1.570796327   -2.094395102   40.394626911   15.179380192   13.231704642
   -1.466076572   -2.094395102   42.366567332   22.953340301   12.095615352
   -1.361356817   -2.094395102   45.264327107   32.420817185   10.170539641
   -1.256637061   -2.094395102   49.109732450   40.568824812    7.445833987
   -1.151917306   -2.094395102   53.633916429   45.080092053    3.981500232
   -1.047197551   -2.094395102   58.394798844   45.090830956    0.029244444
   -0.942477796   -2.094395102   62.923481276   40.814115197   -4.305775174
   -0.837758041   -2.094395102   66.836634403   33.540072482   -8.643319700
   -0.733038286   -2.094395102   69.887278050   24.505391597  -12.709804684
   -0.628318531   -2.094395102   71.936303515   14.563715518  -16.444314137
   -0.523598776   -2.094395102   72.925470819    4.292612305  -19.825594691
   -0.418879020   -2.094395102   72.830436877   -6.200235521  -22.967926603
   -0.314159265   -2.094395102   71.634200769  -16.605944898  -25.947369145
   -0.209439510   -2.094395102   69.360469457  -26.767130995  -28.630087149
   -0.104719755   -2.094395102   66.044424053  -36.411470020  -30.618036242
    0.000000000   -2.094395102   61.778901844  -44.853286130  -31.587837449
    0.104719755   -2.094395102   56.715726567  -51.508757080  -31.022625822
    0.209439510   -2.094395102   51.072004382  -55.860093394  -28.850019021
    0.314159265   -2.094395102   45.122873822  -57.182363553  -25.410723614
    0.418879020   -2.094395102   39.219985405  -54.945539444  -21.125920669
    0.523598776   -2.094395102   33.738584028  -49.136744213  -16.917635160
    0.628318531   -2.094395102   29.047446315  -39.945128560  -13.464521874
    0.733038286   -2.094395102   25.463318407  -28.148296741  -11.234017865
    0.837758041   -2.094395102   23.206538503  -14.765346512  -10.335152731
    0.942477796   -2.094395102   22.386581622   -0.884920587  -10.429021663
    1.047197551   -2.094395102   23.006282567   12.595718018  -10.980407258
    1.151917306   -2.094395102   24.983106665   24.943910600  -11.632399458
    1.256637061   -2.094395102   28.173500810   35.658827074  -12.044347493
    1.361356817   -2.094395102   32.380803709   44.273307436  -11.840933297
    1.466076572   -2.094395102   37.352257566   50.231499607  -11.019988784
    1.570796327   -2.094395102   42.791265279   53.049068709   -9.642939143
    1.675516082   -2.094395102   48.347598700   52.494526606   -7.771278496
    1.780235837   -2.094395102   53.675706758   48.726194361   -5.423832387
    1.884955592   -2.094395102   58.466390569   42.341642774   -3.106433387
    1.989675347   -2.094395102   62.472404972   33.894795468   -1.113469521
    2.094395102   -2.094395102   65.510213491   23.921828994    0.459605116
    2.199114858   -2.094395102   67.438445498   12.757577072    1.570979856
    2.303834613   -2.094395102   68.159768470    0.944520444    2.413100827
    2.408554368   -2.094395102   67.631043722  -11.003424071    3.256310621
    2.513274123   -2.094395102   65.878141104  -22.322196520    4.395576096
    2.617993878   -2.094395102   63.007304203  -32.219661371    5.973570707
    2.722713633   -2.094395102   59.199007711  -40.111255023    8.000566013
    2.827433388   -2.094395102   54.693784968  -45.442035607   10.116948442
    2.932153143   -2.094395102   49.788772836  -47.667555428   12.229338562
    3.036872898   -2.094395102   44.832307347  -46.360762585   14.045710265

   -3.141592654   -1.989675347   41.607604800  -40.399200493   11.324186749
   -3.036872898   -1.989675347   37.729054080  -33.279499457   11.947834871
   -2.932153143   -1.989675347   34.687130237  -24.752788862   12.200336565
   -2.827433388   -1.989675347   32.531586041  -16.551283703   12.202319636
   -2.722713633   -1.989675347   31.177943795   -9.517416609   12.075177551
   -2.617993878   -1.989675347   30.494659057   -3.723017892   11.871168959
   -2.513274123   -1.989675347   30.377165912    1.427298139   11.581591275
   -2.408554368   -1.989675347   30.785970051    6.381413772   11.159753896
   -2.303834613   -1.989675347   31.705318547   11.104881658   10.616583699
   -2.199114858   -1.989675347   33.070448001   14.687514777    9.942577810
   -2.094395102   -1.989675347   34.715466070   16.335962984    9.536819857
   -1.989675347   -1.989675347   36.410534774   15.658276166    9.307908594
   -1.884955592   -1.989675347   37.932372668   13.250639662    9.363582020
   -1.780235837   -1.989675347   39.187535299   10.887687897    9.631639790
   -1.675516082   -1.989675347   40.292015266   10.717516383    9.650454336
   -1.570796327   -1.989675347   41.563891176   14.221624063    9.104271240
   -1.466076572   -1.989675347   43.393822692   21.169959643    7.576023432
   -1.361356817   -1.989675347   46.051494495   29.644919160    4.946502036
   -1.256637061   -1.989675347   49.559431657   36.931818743    1.241985627
   -1.151917306   -1.989675347   53.668420782   40.868789389   -3.237714304
   -1.047197551   -1.989675347   57.968062159   40.545147362   -8.113830542
   -0.942477796   -1.989675347   62.018353451   36.286884738  -12.900141501
   -0.837758041   -1.989675347   65.469848320   29.305969886  -17.334677738
   -0.733038286   -1.989675347   68.102262986   20.743273844  -21.243153502
   -0.628318531   -1.989675347   69.790107392   11.344943780  -24.447963739
   -0.523598776   -1.989675347   70.463709901    1.475876296  -27.153697851
   -0.418879020   -1.989675347   70.085194902   -8.736842826  -29.308531247
   -0.314159265   -1.989675347   68.634753030  -18.890166004  -31.132619247
   -0.209439510   -1.989675347   66.145964214  -28.564022752  -32.544255737
   -0.104719755   -1.989675347   62.690264089  -37.224603625  -33.118706267
    0.000000000   -1.989675347   58.398330372  -44.454227895  -32.664375211
    0.104719755   -1.989675347   53.460015743  -49.557784170  -30.881046382
    0.209439510   -1.989675347   48.093940152  -52.532380106  -27.733074407
    0.314159265   -1.989675347   42.547559394  -52.914099534  -23.588077768
    0.418879020   -1.989675347   37.106923359  -50.528830298  -19.089417429
    0.523598776   -1.989675347   32.059875009  -45.350604486  -15.058005533
    0.628318531   -1.989675347   27.702157275  -37.436258828  -12.230691027
    0.733038286   -1.989675347   24.303731859  -27.102966889  -10.967874141
    0.837758041   -1.989675347   22.089716450  -14.944329835  -11.010952067
    0.942477796   -1.989675347   21.205506735   -1.821047799  -12.076677510
    1.047197551   -1.989675347   21.720237569   11.596676621  -13.520429474
    1.151917306   -1.989675347   23.607221683   24.265333830  -14.491953108
    1.256637061   -1.989675347   26.760207215   35.664998084  -14.853255723
    1.361356817   -1.989675347   31.003938504   44.960258306  -14.388527379
    1.466076572   -1.989675347   36.083880126   51.580004037  -13.132280652
    1.570796327   -1.989675347   41.690877061   54.905101892  -11.351855778
    1.675516082   -1.989675347   47.460063369   54.756190335   -9.124989411
    1.780235837   -1.989675347   53.035494032   51.190043796   -6.828145944
    1.884955592   -1.989675347   58.065532373   44.471653145   -4.557682752
    1.989675347   -1.989675347   62.277376720   35.649855855   -2.627400425
    2.094395102   -1.989675347   65.470912728   25.068968243   -1.228476066
    2.199114858   -1.989675347   67.498340079   13.501888746   -0.388812925
    2.303834613   -1.989675347   68.288030704    1.546476543    0.078542599
    2.408554368   -1.989675347   67.825975321  -10.227529544    0.570339277
    2.513274123   -1.989675347   66.177526456  -21.136497341    1.458439751
    2.617993878   -1.989675347   63.459014123  -30.487191348    2.785158755
    2.722713633   -1.989675347   59.852920544  -38.081613337    4.568705168
    2.827433388   -1.989675347   55.566046751  -43.342604859    6.600215321
    2.932153143   -1.989675347   50.874686592  -45.787680366    8.562313164
    3.036872898   -1.989675347   46.099401209  -44.816649800   10.159163291

   -3.141592654   -1.884955592   42.573943537  -39.823526183    7.165863650
   -3.036872898   -1.884955592   38.730719080  -33.188871065    7.220097060
   -2.932153143   -1.884955592   35.681546021  -24.917117629    6.864782523
   -2.827433388   -1.884955592   33.506451481  -16.787490641    6.385259716
   -2.722713633   -1.884955592   32.137916760   -9.606139951    6.249696248
   -2.617993878   -1.884955592   31.449710567   -3.679783478    6.390999787
   -2.513274123   -1.884955592   31.339454074    1.482321452    6.854606756
   -2.408554368   -1.884955592   31.745752948    6.267082499    7.199933486
   -2.303834613   -1.884955592   32.635838705   10.619834656    7.173851472
   -2.199114858   -1.884955592   33.940078590   14.092993827    6.745362267
   -2.094395102   -1.884955592   35.523289448   15.770743170    6.012991767
   -1.989675347   -1.884955592   37.172044169   15.357697144    5.306232075
   -1.884955592   -1.884955592   38.685928399   13.405987972    5.083700856
   -1.780235837   -1.884955592   39.960569208   11.111083241    5.184416787
   -1.675516082   -1.884955592   41.075341813   10.599491116    5.317315876
   -1.570796327   -1.884955592   42.290690585   13.213116633    4.780145955
   -1.466076572   -1.884955592   43.949313602   18.890809456    3.005523164
   -1.361356817   -1.884955592   46.300574289   26.046015438   -0.185816979
   -1.256637061   -1.884955592   49.379734589   32.366415146   -4.617626626
   -1.151917306   -1.884955592   52.977488360   35.776128801   -9.875619089
   -1.047197551   -1.884955592   56.732260970   35.355102866  -15.385521411
   -0.942477796   -1.884955592   60.256946814   31.432413445  -20.612105098
   -0.837758041   -1.884955592   63.237131013   25.147786357  -25.086740635
   -0.733038286   -1.884955592   65.472406421   17.376769928  -28.716344430
   -0.628318531   -1.884955592   66.847669744    8.781412427  -31.435846190
   -0.523598776   -1.884955592   67.286503049   -0.506370256  -33.290941304
   -0.418879020   -1.884955592   66.730833557  -10.213596672  -34.538727004
   -0.314159265   -1.884955592   65.155580556  -19.820518940  -35.088313852
   -0.209439510   -1.884955592   62.599905337  -28.815625032  -34.960126783
   -0.104719755   -1.884955592   59.161307631  -36.605481682  -34.007878293
    0.000000000   -1.884955592   54.999404640  -42.589225451  -32.018640106
    0.104719755   -1.884955592   50.312277402  -46.599041830  -29.034766479
    0.209439510   -1.884955592   45.311206433  -48.535806163  -25.183297457
    0.314159265   -1.884955592   40.216253587  -48.441278103  -20.822229224
    0.418879020   -1.884955592   35.236546950  -46.347599950  -16.565307621
    0.523598776   -1.884955592   30.587906534  -42.134982896  -13.061354334
    0.628318531   -1.884955592   26.491784873  -35.733904533  -10.954911329
    0.733038286   -1.884955592   23.184151200  -27.035004461  -10.452466413
    0.837758041   -1.884955592   20.909347513  -16.083191044  -11.453138404
    0.942477796   -1.884955592   19.870488539   -3.533125840  -13.342885117
    1.047197551   -1.884955592   20.204498932    9.998178460  -15.337791601
    1.151917306   -1.884955592   21.960630680   23.450097576  -16.774966436
    1.256637061   -1.884955592   25.080019689   35.821675944  -17.086531484
    1.361356817   -1.884955592   29.388118649   46.053017418  -16.405538942
    1.466076572   -1.884955592   34.619011912   53.321601079  -14.878503342
    1.570796327   -1.884955592   40.429771215   57.048809608  -12.697923305
    1.675516082   -1.884955592   46.437172642   57.069099025  -10.375931487
    1.780235837   -1.884955592   52.253966739   53.417733526   -8.123396674
    1.884955592   -1.884955592   57.513781072   46.523006579   -5.996095405
    1.989675347   -1.884955592   61.918680321   37.272348957   -4.203462469
    2.094395102   -1.884955592   65.252968524   26.159348258   -2.953395040
    2.199114858   -1.884955592   67.364989048   14.059739108   -2.064994055
    2.303834613   -1.884955592   68.200938089    1.924375767   -1.603583168
    2.408554368   -1.884955592   67.783921901   -9.720289644   -1.218191966
    2.513274123   -1.884955592   66.210121937  -20.156611821   -0.647494777
    2.617993878   -1.884955592   63.617495625  -29.034087394    0.475074619
    2.722713633   -1.884955592   60.182596154  -36.237095617    1.869417302
    2.827433388   -1.884955592   56.097545649  -41.416323046    3.620922436
    2.932153143   -1.884955592   51.596092020  -44.091002457    5.259597418
    3.036872898   -1.884955592   46.971668192  -43.652902498    6.517592046

   -3.141592654   -1.780235837   43.121570644  -39.723444802    3.374385694
   -3.036872898   -1.780235837   39.255971082  -33.668397138    2.925426604
   -2.932153143   -1.780235837   36.139583098  -25.652604023    2.003130480
   -2.827433388   -1.780235837   33.894694845  -17.259850304    1.096409298
   -2.722713633   -1.780235837   32.500641135   -9.567300656    0.818512660
   -2.617993878   -1.780235837   31.844069842   -3.109618101    1.310971586
   -2.513274123   -1.780235837   31.813453770    2.394629685    2.363194699
   -2.408554368   -1.780235837   32.303642623    6.848928025    3.557331201
   -2.303834613   -1.780235837   33.225600049   10.627950040    4.152474535
   -2.199114858   -1.780235837   34.497210314   13.460432882    3.939182026
   -2.094395102   -1.780235837   35.993632809   14.869509549    3.078382723
   -1.989675347   -1.780235837   37.552316524   14.648940224    2.034023424
   -1.884955592   -1.780235837   39.015127623   13.090299716    1.280981921
   -1.780235837   -1.780235837   40.284315855   11.216331022    1.068838590
   -1.675516082   -1.780235837   41.403364121   10.453489626    0.920655245
   -1.570796327   -1.780235837   42.552957933   11.975304813    0.162946997
   -1.466076572   -1.780235837   44.011132805   16.206001010   -1.949217394
   -1.361356817   -1.780235837   46.002430034   21.918236955   -5.585579672
   -1.256637061   -1.780235837   48.583915912   27.115364702  -10.560378558
   -1.151917306   -1.780235837   51.603731467   30.059610091  -16.207175390
   -1.047197551   -1.780235837   54.768816256   29.844318167  -21.928605201
   -0.942477796   -1.780235837   57.744810074   26.559945245  -27.164650450
   -0.837758041   -1.780235837   60.258525099   21.214372026  -31.493867184
   -0.733038286   -1.780235837   62.137760003   14.490739783  -34.706693586
   -0.628318531   -1.780235837   63.258536374    6.832108226  -36.829670298
   -0.523598776   -1.780235837   63.539377636   -1.585408204  -37.980860661
   -0.418879020   -1.780235837   62.908716071  -10.534843446  -38.232608180
   -0.314159265   -1.780235837   61.337253635  -19.375313687  -37.623030921
   -0.209439510   -1.780235837   58.869713427  -27.533253475  -36.044384191
   -0.104719755   -1.780235837   55.615544876  -34.360655790  -33.553654994
    0.000000000   -1.780235837   51.735011232  -39.480053158  -30.215787473
    0.104719755   -1.780235837   47.411864879  -42.767975275  -26.275483559
    0.209439510   -1.780235837   42.838023261  -44.331764259  -22.053623139
    0.314159265   -1.780235837   38.189006579  -44.243927159  -17.865198251
    0.418879020   -1.780235837   33.627810482  -42.631659015  -14.229426106
    0.523598776   -1.780235837   29.310558491  -39.582285104  -11.409606141
    0.628318531   -1.780235837   25.402689744  -34.751566004   -9.957771623
    0.733038286   -1.780235837   22.111701108  -27.645514223  -10.052574624
    0.837758041   -1.780235837   19.701099309  -17.967351647  -11.609516411
    0.942477796   -1.780235837   18.434315787   -5.874470142  -13.979605808
    1.047197551   -1.780235837   18.536226127    8.036886937  -16.366041170
    1.151917306   -1.780235837   20.134005567   22.456770895  -18.045199595
    1.256637061   -1.780235837   23.208085579   36.007658525  -18.538980707
    1.361356817   -1.780235837   27.590845999   47.211504781  -17.853212994
    1.466076572   -1.780235837   32.987413977   55.238660644  -16.324765751
    1.570796327   -1.780235837   39.022237289   59.387597341  -14.155931938
    1.675516082   -1.780235837   45.278334766   59.433863432  -11.880868455
    1.780235837   -1.780235837   51.332637320   55.620463012   -9.456720732
    1.884955592   -1.780235837   56.815104550   48.546668977   -7.340793504
    1.989675347   -1.780235837   61.405246894   38.801661049   -5.558207072
    2.094395102   -1.780235837   64.878305728   27.274835343   -4.149400216
    2.199114858   -1.780235837   67.088426163   14.809746554   -3.099211291
    2.303834613   -1.780235837   67.981701009    2.388851173   -2.405359473
    2.408554368   -1.780235837   67.606596390   -9.280931372   -1.948719492
    2.513274123   -1.780235837   66.089101343  -19.474258375   -1.494362360
    2.617993878   -1.780235837   63.589698759  -27.992525999   -0.824379473
    2.722713633   -1.780235837   60.281157255  -34.817541386    0.162550253
    2.827433388   -1.780235837   56.349238822  -39.957207194    1.280564884
    2.932153143   -1.780235837   51.995459084  -42.816830635    2.436359397
    3.036872898   -1.780235837   47.477268070  -42.908841225    3.194753659

   -3.141592654   -1.675516082   43.296754002  -40.091773192    0.000968621
   -3.036872898   -1.675516082   39.365727982  -34.524072605   -0.747601991
   -2.932153143   -1.675516082   36.137438173  -26.804473969   -1.831167971
   -2.827433388   -1.675516082   33.787993720  -17.988765946   -2.903017876
   -2.722713633   -1.675516082   32.355398179   -9.485580016   -3.348634235
   -2.617993878   -1.675516082   31.759265155   -2.104789129   -2.712375676
   -2.513274123   -1.675516082   31.864392851    3.861738931   -1.196454190
   -2.408554368   -1.675516082   32.506314320    8.140644228    0.441775705
   -2.303834613   -1.675516082   33.519527992   11.078200772    1.537815370
   -2.199114858   -1.675516082   34.783989254   12.887479672    1.538120453
   -2.094395102   -1.675516082   36.181193656   13.671957362    0.555877020
   -1.989675347   -1.675516082   37.611081267   13.473757032   -0.884627873
   -1.884955592   -1.675516082   38.972985267   12.347380776   -2.045561390
   -1.780235837   -1.675516082   40.187255553   10.860817007   -2.902844291
   -1.675516082   -1.675516082   41.261116125    9.841226100   -3.617301211
   -1.570796327   -1.675516082   42.307379049   10.443191176   -4.883925453
   -1.466076572   -1.675516082   43.527107119   13.227237873   -7.340442634
   -1.361356817   -1.675516082   45.125906825   17.444173644  -11.157700880
   -1.256637061   -1.675516082   47.179854687   21.668017935  -16.228910171
   -1.151917306   -1.675516082   49.611950181   24.334988328  -21.784320805
   -1.047197551   -1.675516082   52.182316832   24.357663120  -27.341477107
   -0.942477796   -1.675516082   54.622682335   21.872741288  -32.213638116
   -0.837758041   -1.675516082   56.705359601   17.636092455  -36.107922388
   -0.733038286   -1.675516082   58.272560949   12.110283056  -38.794513699
   -0.628318531   -1.675516082   59.201794304    5.470177871  -40.330243545
   -0.523598776   -1.675516082   59.395293776   -1.909714396  -40.858259320
   -0.418879020   -1.675516082   58.781894737   -9.868879263  -40.329853454
   -0.314159265   -1.675516082   57.330648261  -17.760449004  -38.691669963
   -0.209439510   -1.675516082   55.090700847  -24.886163543  -35.930938239
   -0.104719755   -1.675516082   52.162472477  -30.796571232  -32.254146139
    0.000000000   -1.675516082   48.691002261  -35.290328013  -27.884528665
    0.104719755   -1.675516082   44.817784086  -38.475336676  -23.262363971
    0.209439510   -1.675516082   40.692079525  -40.086479847  -18.946163077
    0.314159265   -1.675516082   36.458799392  -40.528162635  -15.240816330
    0.418879020   -1.675516082   32.243749766  -39.757439776  -12.262274288
    0.523598776   -1.675516082   28.173901263  -37.778716157  -10.359835299
    0.628318531   -1.675516082   24.382933861  -34.322669628   -9.575187808
    0.733038286   -1.675516082   21.056369583  -28.697199752  -10.093504114
    0.837758041   -1.675516082   18.474270362  -20.120895078  -11.797912446
    0.942477796   -1.675516082   16.956114878   -8.406608848  -14.190095239
    1.047197551   -1.675516082   16.802928430    5.805822742  -16.665026074
    1.151917306   -1.675516082   18.212790965   21.157474533  -18.627161593
    1.256637061   -1.675516082   21.211102418   35.875985898  -19.519059217
    1.361356817   -1.675516082   25.644933575   48.234228414  -19.218311369
    1.466076572   -1.675516082   31.194105954   57.100328379  -17.897256066
    1.570796327   -1.675516082   37.451776742   61.709907455  -15.839922437
    1.675516082   -1.675516082   43.957168833   61.850138073  -13.435350864
    1.780235837   -1.675516082   50.265641349   57.967250745  -10.957861615
    1.884955592   -1.675516082   55.977993460   50.640404180   -8.653166324
    1.989675347   -1.675516082   60.765796186   40.514505944   -6.608376661
    2.094395102   -1.675516082   64.402688608   28.686171456   -4.850110250
    2.199114858   -1.675516082   66.737858002   15.856345749   -3.478048379
    2.303834613   -1.675516082   67.721991664    3.028269299   -2.456251504
    2.408554368   -1.675516082   67.406962612   -8.817001874   -1.759439930
    2.513274123   -1.675516082   65.933462254  -19.044422019   -1.377438678
    2.617993878   -1.675516082   63.481340634  -27.539990221   -1.150213906
    2.722713633   -1.675516082   60.236684950  -34.165434669   -0.900342946
    2.827433388   -1.675516082   56.385523980  -39.040962156   -0.553843530
    2.932153143   -1.675516082   52.115295229  -42.167803232   -0.111510779
    3.036872898   -1.675516082   47.653687182  -42.588262312    0.219806846

   -3.141592654   -1.570796327   43.136186379  -40.563890806   -3.051601787
   -3.036872898   -1.570796327   39.130295016  -35.466543707   -3.640683534
   -2.932153143   -1.570796327   35.793125151  -27.907920345   -4.532715689
   -2.827433388   -1.570796327   33.339415687  -18.786924737   -5.405958107
   -2.722713633   -1.570796327   31.867977788   -9.365084462   -5.717391825
   -2.617993878   -1.570796327   31.337937339   -0.943999211   -5.035887131
   -2.513274123   -1.570796327   31.599576618    5.536295505   -3.642080508
   -2.408554368   -1.570796327   32.418381520    9.700586987   -2.010972047
   -2.303834613   -1.570796327   33.551580730   11.696362509   -0.937763000
   -2.199114858   -1.570796327   34.818822610   12.280979213   -0.873791288
   -2.094395102   -1.570796327   36.110195188   12.304937710   -1.908388688
   -1.989675347   -1.570796327   37.376830279   11.886755690   -3.595359580
   -1.884955592   -1.570796327   38.585150593   11.078185934   -5.325999642
   -1.780235837   -1.570796327   39.680533000    9.810109952   -6.758848813
   -1.675516082   -1.570796327   40.644690840    8.691680600   -8.101376745
   -1.570796327   -1.570796327   41.528713643    8.412900734   -9.992616240
   -1.466076572   -1.570796327   42.475583880    9.960133476  -12.707628346
   -1.361356817   -1.570796327   43.666390353   12.960137653  -16.634639094
   -1.256637061   -1.570796327   45.205709832   16.449422746  -21.386334382
   -1.151917306   -1.570796327   47.070200181   18.854186310  -26.527951604
   -1.047197551   -1.570796327   49.087792027   19.338300185  -31.523432284
   -0.942477796   -1.570796327   51.045892337   17.762053491  -35.788424864
   -0.837758041   -1.570796327   52.758357561   14.666272576  -38.991778067
   -0.733038286   -1.570796327   54.074625473   10.308708911  -41.092942446
   -0.628318531   -1.570796327   54.873154202    4.775584957  -42.058970455
   -0.523598776   -1.570796327   55.046164457   -1.577624959  -41.994911273
   -0.418879020   -1.570796327   54.519218700   -8.471309397  -40.886050243
   -0.314159265   -1.570796327   53.278069414  -15.133664711  -38.469980588
   -0.209439510   -1.570796327   51.374312396  -21.103169788  -34.847156541
   -0.104719755   -1.570796327   48.884986297  -26.270047924  -30.204448317
    0.000000000   -1.570796327   45.908663479  -30.400659105  -25.163067833
    0.104719755   -1.570796327   42.540926388  -33.815585070  -20.224163689
    0.209439510   -1.570796327   38.862365871  -36.222357453  -15.997841857
    0.314159265   -1.570796327   34.991477004  -37.525945658  -12.832808200
    0.418879020   -1.570796327   31.041659392  -37.710515210  -10.753455160
    0.523598776   -1.570796327   27.131669051  -36.823817989   -9.588766231
    0.628318531   -1.570796327   23.387453562  -34.437434589   -9.466196848
    0.733038286   -1.570796327   19.994527052  -29.900154945  -10.177173901
    0.837758041   -1.570796327   17.238220666  -22.154574762  -11.832432694
    0.942477796   -1.570796327   15.473533592  -10.892663041  -14.087960634
    1.047197551   -1.570796327   15.059689604    3.444750853  -16.535489716
    1.151917306   -1.570796327   16.253576198   19.535405412  -18.666565547
    1.256637061   -1.570796327   19.138959410   35.348523763  -19.962287883
    1.361356817   -1.570796327   23.575951099   48.899832392  -20.167167015
    1.466076572   -1.570796327   29.247432888   58.671914390  -19.199276419
    1.570796327   -1.570796327   35.707824637   63.897656274  -17.383663951
    1.675516082   -1.570796327   42.465755845   64.378884730  -15.003520016
    1.780235837   -1.570796327   49.041846604   60.536653044  -12.369842834
    1.884955592   -1.570796327   55.008098239   52.961286378   -9.788075506
    1.989675347   -1.570796327   60.034124435   42.639129378   -7.308711858
    2.094395102   -1.570796327   63.873783955   30.469816228   -5.111545147
    2.199114858   -1.570796327   66.378786023   17.246695146   -3.315001755
    2.303834613   -1.570796327   67.488134900    4.055587285   -1.932839156
    2.408554368   -1.570796327   67.255941998   -8.289294489   -1.086497375
    2.513274123   -1.570796327   65.813399799  -18.939860212   -0.904719981
    2.617993878   -1.570796327   63.354934802  -27.670170811   -1.249688917
    2.722713633   -1.570796327   60.094268899  -34.313204451   -1.807254080
    2.827433388   -1.570796327   56.236794116  -39.049087194   -2.302489908
    2.932153143   -1.570796327   51.973320612  -42.027749480   -2.597511987
    3.036872898   -1.570796327   47.518848079  -42.634052113   -2.804129510

   -3.141592654   -1.466076572   42.660578689  -40.842908479   -6.068354489
   -3.036872898   -1.466076572   38.614521548  -35.999032057   -6.185947773
   -2.932153143   -1.466076572   35.212622746  -28.568862368   -6.428438910
   -2.827433388   -1.466076572   32.696155826  -19.214382292   -6.720678703
   -2.722713633   -1.466076572   31.208801406   -9.183645778   -6.680379675
   -2.617993878   -1.466076572   30.745059526    0.037583557   -6.134516849
   -2.513274123   -1.466076572   31.136633546    7.006329685   -5.100115009
   -2.408554368   -1.466076572   32.100681224   10.923733613   -4.009360273
   -2.303834613   -1.466076572   33.327974530   12.179228766   -3.279105091
   -2.199114858   -1.466076572   34.591347339   11.768935876   -3.453097651
   -2.094395102   -1.466076572   35.772727117   10.802351238   -4.649566878
   -1.989675347   -1.466076572   36.855726991    9.959470223   -6.449377747
   -1.884955592   -1.466076572   37.862889121    9.243471273   -8.495207593
   -1.780235837   -1.466076572   38.777794935    8.173336772  -10.498756353
   -1.675516082   -1.466076572   39.562486967    6.813397808  -12.442271355
   -1.570796327   -1.466076572   40.228408398    6.008867694  -14.752788399
   -1.466076572   -1.466076572   40.876899083    6.623270651  -17.679476017
   -1.361356817   -1.466076572   41.669088438    8.713146431  -21.350425381
   -1.256637061   -1.466076572   42.736682789   11.696733667  -25.579492717
   -1.151917306   -1.466076572   44.095258146   14.106683143  -30.012934201
   -1.047197551   -1.466076572   45.634556004   15.010630158  -34.175361199
   -0.942477796   -1.466076572   47.187734544   14.397000314  -37.690632601
   -0.837758041   -1.466076572   48.595143502   12.289828981  -40.285519389
   -0.733038286   -1.466076572   49.720279536    9.033265443  -41.865380811
   -0.628318531   -1.466076572   50.445334345    4.602346355  -42.303360392
   -0.523598776   -1.466076572   50.649949805   -0.776927553  -41.707144273
   -0.418879020   -1.466076572   50.272822310   -6.403932652  -39.974873691
   -0.314159265   -1.466076572   49.317832693  -11.816033538  -37.002785693
   -0.209439510   -1.466076572   47.826207596  -16.605946722  -32.715224108
   -0.104719755   -1.466076572   45.856950620  -20.944924616  -27.494382605
    0.000000000   -1.466076572   43.438718090  -25.145324985  -21.946903519
    0.104719755   -1.466076572   40.594046930  -29.164716603  -16.936792355
    0.209439510   -1.466076572   37.342039197  -32.744681499  -13.013912749
    0.314159265   -1.466076572   33.772058481  -35.241330175  -10.456829518
    0.418879020   -1.466076572   30.001636581  -36.538038651   -9.121545572
    0.523598776   -1.466076572   26.163886675  -36.499387348   -8.794454907
    0.628318531   -1.466076572   22.407697650  -34.947789064   -9.165620270
    0.733038286   -1.466076572   18.924803029  -31.161499644  -10.135061170
    0.837758041   -1.466076572   16.000562432  -24.058765563  -11.710325181
    0.942477796   -1.466076572   14.013144198  -13.215688294  -13.725416253
    1.047197551   -1.466076572   13.353797143    1.133087574  -15.960196324
    1.151917306   -1.466076572   14.326017034   17.674395148  -18.042997111
    1.256637061   -1.466076572   17.059572913   34.386812673  -19.607006688
    1.361356817   -1.466076572   21.454825962   49.053060157  -20.142921018
    1.466076572   -1.466076572   27.202745344   59.967680747  -19.710040821
    1.570796327   -1.466076572   33.841019249   65.990394725  -18.072255383
    1.675516082   -1.466076572   40.844847494   66.975749679  -15.763774177
    1.780235837   -1.466076572   47.701609165   63.257209827  -12.991858175
    1.884955592   -1.466076572   53.957825652   55.690775436  -10.101200023
    1.989675347   -1.466076572   59.259296252   45.132321663   -7.366113749
    2.094395102   -1.466076572   63.346121539   32.620304656   -4.911023132
    2.199114858   -1.466076572   66.055799353   19.006637253   -2.839817382
    2.303834613   -1.466076572   67.322562633    5.244252270   -1.266790441
    2.408554368   -1.466076572   67.176871959   -7.802017388   -0.499260601
    2.513274123   -1.466076572   65.736133510  -19.316093725   -0.618510716
    2.617993878   -1.466076572   63.212692117  -28.547687199   -1.496771091
    2.722713633   -1.466076572   59.848612884  -35.343805609   -2.905131851
    2.827433388   -1.466076572   55.889839755  -39.944680921   -4.348013860
    2.932153143   -1.466076572   51.555523949  -42.492059468   -5.407046510
    3.036872898   -1.466076572   47.065733187  -42.902215372   -5.909895848

   -3.141592654   -1.361356817   41.860323385  -40.764351890   -9.124066386
   -3.036872898   -1.361356817   37.829359930  -35.825027122   -8.759127264
   -2.932153143   -1.361356817   34.443211476  -28.454535974   -8.290113707
   -2.827433388   -1.361356817   31.937238743  -19.130059955   -7.843297870
   -2.722713633   -1.361356817   30.473162840   -8.790515947   -7.318728033
   -2.617993878   -1.361356817   30.070768618    0.764635310   -6.714232970
   -2.513274123   -1.361356817   30.548207837    7.853210297   -6.105204013
   -2.408554368   -1.361356817   31.596613198   11.601022477   -5.623475204
   -2.303834613   -1.361356817   32.865478298   12.209768924   -5.587344457
   -2.199114858   -1.361356817   34.083077101   10.901412949   -6.250228032
   -2.094395102   -1.361356817   35.129584504    9.139812628   -7.626240808
   -1.989675347   -1.361356817   36.022107973    7.997024254   -9.470107698
   -1.884955592   -1.361356817   36.809798024    7.088115092  -11.579543393
   -1.780235837   -1.361356817   37.503463293    6.083263029  -13.782353062
   -1.675516082   -1.361356817   38.063516923    4.580274487  -16.014268122
   -1.570796327   -1.361356817   38.474803927    3.402112683  -18.515741437
   -1.466076572   -1.361356817   38.820265650    3.448082452  -21.347190120
   -1.361356817   -1.361356817   39.249826954    5.028290577  -24.621524616
   -1.256637061   -1.361356817   39.905335744    7.563268947  -28.198442778
   -1.151917306   -1.361356817   40.835552876   10.092767931  -31.967201080
   -1.047197551   -1.361356817   41.973053851   11.477556098  -35.529290826
   -0.942477796   -1.361356817   43.193222654   11.637112391  -38.371634692
   -0.837758041   -1.361356817   44.363406869   10.471749465  -40.336595426
   -0.733038286   -1.361356817   45.353537558    8.260294483  -41.340090269
   -0.628318531   -1.361356817   46.051445175    4.889623559  -41.378369571
   -0.523598776   -1.361356817   46.349029354    0.660738609  -40.247015946
   -0.418879020   -1.361356817   46.187447879   -3.689746207  -37.868558004
   -0.314159265   -1.361356817   45.575256425   -7.866205285  -34.276054993
   -0.209439510   -1.361356817   44.560090399  -11.500551674  -29.500588380
   -0.104719755   -1.361356817   43.160515287  -15.302528185  -23.884529941
    0.000000000   -1.361356817   41.331612527  -19.730752918  -18.225343057
    0.104719755   -1.361356817   39.005966628  -24.746002437  -13.389448822
    0.209439510   -1.361356817   36.146062190  -29.821176829   -9.865429089
    0.314159265   -1.361356817   32.809076536  -33.743097264   -7.901619647
    0.418879020   -1.361356817   29.135261252  -36.141744905   -7.391959435
    0.523598776   -1.361356817   25.298103000  -36.831409827   -7.678851283
    0.628318531   -1.361356817   21.480012503  -35.784418629   -8.507949754
    0.733038286   -1.361356817   17.883884872  -32.427366748   -9.691682240
    0.837758041   -1.361356817   14.802771407  -25.798098690  -11.127645310
    0.942477796   -1.361356817   12.617388504  -15.271756418  -12.855575923
    1.047197551   -1.361356817   11.734246581   -1.007338207  -14.830746573
    1.151917306   -1.361356817   12.496029883   15.851173876  -16.726915875
    1.256637061   -1.361356817   15.071005775   33.216842215  -18.194719686
    1.361356817   -1.361356817   19.394685231   48.923934531  -18.934823400
    1.466076572   -1.361356817   25.183392342   60.902117276  -18.594308456
    1.570796327   -1.361356817   31.973330020   67.903791837  -17.244424078
    1.675516082   -1.361356817   39.217451976   69.586363666  -15.048436779
    1.780235837   -1.361356817   46.365169209   66.129841937  -12.340050137
    1.884955592   -1.361356817   52.922969372   58.498170138   -9.495555373
    1.989675347   -1.361356817   58.510903782   47.795151282   -6.766158650
    2.094395102   -1.361356817   62.857513307   34.975409074   -4.331701673
    2.199114858   -1.361356817   65.785423965   20.801304519   -2.345317863
    2.303834613   -1.361356817   67.207558964    6.353133086   -0.981662309
    2.408554368   -1.361356817   67.133024369   -7.635958008   -0.390281742
    2.513274123   -1.361356817   65.666827766  -20.067800788   -0.804746571
    2.617993878   -1.361356817   63.022079437  -30.016038330   -2.183283433
    2.722713633   -1.361356817   59.475884643  -37.207883375   -4.225283517
    2.827433388   -1.361356817   55.325350271  -41.624577833   -6.416131978
    2.932153143   -1.361356817   50.844653460  -43.543492262   -8.126001359
    3.036872898   -1.361356817   46.280817540  -43.278809616   -8.982081863

   -3.141592654   -1.256637061   40.761553849  -40.550299079  -11.687041387
   -3.036872898   -1.256637061   36.781567481  -35.090139089  -11.137675900
   -2.932153143   -1.256637061   33.479798133  -27.669014721  -10.086953611
   -2.827433388   -1.256637061   31.059403849  -18.310640315   -8.953519511
   -2.722713633   -1.256637061   29.677264864   -8.068509797   -7.959290678
   -2.617993878   -1.256637061   29.339862308    1.340659237   -7.238197001
   -2.513274123   -1.256637061   29.865296018    8.181468010   -6.918102230
   -2.408554368   -1.256637061   30.926362443   11.489397510   -7.067390950
   -2.303834613   -1.256637061   32.155972250   11.547083641   -7.849664015
   -2.199114858   -1.256637061   33.275056201    9.642627505   -9.034611335
   -2.094395102   -1.256637061   34.171639389    7.544235260  -10.572477060
   -1.989675347   -1.256637061   34.875521805    6.023862084  -12.351648142
   -1.884955592   -1.256637061   35.452493344    5.048605813  -14.217386410
   -1.780235837   -1.256637061   35.921376015    3.854871613  -16.261891555
   -1.675516082   -1.256637061   36.244313087    2.232433013  -18.524513539
   -1.570796327   -1.256637061   36.398666232    0.828544590  -20.888648526
   -1.466076572   -1.256637061   36.457612873    0.526105592  -23.504830693
   -1.361356817   -1.256637061   36.566628981    1.759741797  -26.428234544
   -1.256637061   -1.256637061   36.871329242    4.170524995  -29.503531230
   -1.151917306   -1.256637061   37.437642290    6.612708129  -32.731582923
   -1.047197551   -1.256637061   38.238139882    8.521433790  -35.658737926
   -0.942477796   -1.256637061   39.187164868    9.441211885  -37.985942978
   -0.837758041   -1.256637061   40.173438974    9.220490600  -39.529901198
   -0.733038286   -1.256637061   41.083707886    7.980255247  -40.058326114
   -0.628318531   -1.256637061   41.808071185    5.713872068  -39.459032815
   -0.523598776   -1.256637061   42.255542312    2.752036565  -37.718729326
   -0.418879020   -1.256637061   42.373569552   -0.432340733  -34.766702747
   -0.314159265   -1.256637061   42.172235538   -3.338343452  -30.573005955
   -0.209439510   -1.256637061   41.680789245   -6.051666484  -25.423224091
   -0.104719755   -1.256637061   40.874038453   -9.586187352  -19.745709551
    0.000000000   -1.256637061   39.626897782  -14.502725441  -14.311201549
    0.104719755   -1.256637061   37.791032741  -20.731966479   -9.909940970
    0.209439510   -1.256637061   35.269630738  -27.335836896   -6.937208956
    0.314159265   -1.256637061   32.106729168  -32.784542218   -5.560600833
    0.418879020   -1.256637061   28.462239563  -36.346561671   -5.446890553
    0.523598776   -1.256637061   24.568663574  -37.688956277   -6.223173177
    0.628318531   -1.256637061   20.644874891  -36.916497946   -7.357214301
    0.733038286   -1.256637061   16.919532158  -33.778659433   -8.649586797
    0.837758041   -1.256637061   13.695131199  -27.259843833   -9.939997809
    0.942477796   -1.256637061   11.341576612  -17.012376316  -11.446106137
    1.047197551   -1.256637061   10.274644736   -2.816851022  -12.985699594
    1.151917306   -1.256637061   10.854400331   14.218715380  -14.483926514
    1.256637061   -1.256637061   13.283798757   32.133411667  -15.700713314
    1.361356817   -1.256637061   17.538581112   48.706863598  -16.272589406
    1.466076572   -1.256637061   23.358813383   61.729902025  -15.974375849
    1.570796327   -1.256637061   30.287291292   69.686190870  -14.701689942
    1.675516082   -1.256637061   37.752281205   71.939843750  -12.725357571
    1.780235837   -1.256637061   45.164159080   68.776965008  -10.361268669
    1.884955592   -1.256637061   52.004252699   61.123802280   -7.965490614
    1.989675347   -1.256637061   57.859802141   50.225820483   -5.592185960
    2.094395102   -1.256637061   62.439836570   37.022471616   -3.624418087
    2.199114858   -1.256637061   65.555176601   22.285875206   -2.155112557
    2.303834613   -1.256637061   67.099090347    7.170868036   -1.172711034
    2.408554368   -1.256637061   67.066530974   -7.692190508   -1.007941260
    2.513274123   -1.256637061   65.541484967  -21.094477526   -1.755179971
    2.617993878   -1.256637061   62.736402539  -31.983396066   -3.313073636
    2.722713633   -1.256637061   58.956447891  -39.595885882   -5.583469575
    2.827433388   -1.256637061   54.556202362  -43.884945610   -8.137694813
    2.932153143   -1.256637061   49.874948324  -45.063629395  -10.215279457
    3.036872898   -1.256637061   45.199441038  -43.857871550  -11.457041337

   -3.141592654   -1.151917306   39.458232270  -40.387457975  -12.862116635
   -3.036872898   -1.151917306   35.535882879  -34.252607315  -12.371252836
   -2.932153143   -1.151917306   32.347617543  -26.309716598  -11.318593994
   -2.827433388   -1.151917306   30.070972894  -16.951493556   -9.837430663
   -2.722713633   -1.151917306   28.814316409   -7.035020799   -8.469704525
   -2.617993878   -1.151917306   28.561835909    1.851801992   -7.605434585
   -2.513274123   -1.151917306   29.111432828    8.081552716   -7.442292098
   -2.408554368   -1.151917306   30.127734031   10.740239750   -8.092640306
   -2.303834613   -1.151917306   31.249196829   10.243137255   -9.325125422
   -2.199114858   -1.151917306   32.215301100    8.069073799  -11.003535077
   -2.094395102   -1.151917306   32.938851275    5.803778830  -12.751955150
   -1.989675347   -1.151917306   33.460249474    4.282409184  -14.506838792
   -1.884955592   -1.151917306   33.852300241    3.229214876  -16.150815821
   -1.780235837   -1.151917306   34.121493450    1.775496870  -17.983612075
   -1.675516082   -1.151917306   34.222445356    0.086357615  -19.985422956
   -1.570796327   -1.151917306   34.139195339   -1.561786115  -22.178029068
   -1.466076572   -1.151917306   33.935257001   -2.083544412  -24.549690491
   -1.361356817   -1.151917306   33.753662907   -1.109431748  -27.143856461
   -1.256637061   -1.151917306   33.751425154    1.148349600  -29.969508104
   -1.151917306   -1.151917306   34.005401919    3.720212480  -32.687063116
   -1.047197551   -1.151917306   34.527631087    6.105544548  -35.096216758
   -0.942477796   -1.151917306   35.258025962    7.700517221  -36.909861461
   -0.837758041   -1.151917306   36.115302260    8.485720717  -37.843161932
   -0.733038286   -1.151917306   37.001836338    8.320752254  -37.754053642
   -0.628318531   -1.151917306   37.823131741    7.230970490  -36.453132409
   -0.523598776   -1.151917306   38.487991748    5.385891145  -34.033875883
   -0.418879020   -1.151917306   38.945943085    3.403565598  -30.489266510
   -0.314159265   -1.151917306   39.204136931    1.513357099  -25.916528753
   -0.209439510   -1.151917306   39.258942718   -0.605342947  -20.718551171
   -0.104719755   -1.151917306   39.031878543   -4.091650292  -15.441372440
    0.000000000   -1.151917306   38.323831097   -9.817853555  -10.693097373
    0.104719755   -1.151917306   36.912890300  -17.382086932   -6.998634664
    0.209439510   -1.151917306   34.667756097  -25.437549060   -4.731047506
    0.314159265   -1.151917306   31.628276229  -32.317498561   -3.747669240
    0.418879020   -1.151917306   27.983307611  -36.898452595   -3.851268827
    0.523598776   -1.151917306   23.999365014  -38.787614734   -4.777130170
    0.628318531   -1.151917306   19.943641738  -38.197987124   -5.948871290
    0.733038286   -1.151917306   16.087600144  -34.966515956   -7.171262491
    0.837758041   -1.151917306   12.735131606  -28.503910239   -8.291904711
    0.942477796   -1.151917306   10.250248297  -18.251555272   -9.337798001
    1.047197551   -1.151917306    9.046271914   -4.124158594  -10.414772100
    1.151917306   -1.151917306    9.492208348   13.048056024  -11.418553742
    1.256637061   -1.151917306   11.820232895   31.370221442  -12.170364214
    1.361356817   -1.151917306   16.030035575   48.650819986  -12.415838044
    1.466076572   -1.151917306   21.883439303   62.439276584  -12.078549866
    1.570796327   -1.151917306   28.931137001   71.223163850  -11.048572781
    1.675516082   -1.151917306   36.581747491   73.915779799   -9.507885655
    1.780235837   -1.151917306   44.215481858   71.018689599   -7.683169505
    1.884955592   -1.151917306   51.281456179   63.236763632   -5.828421596
    1.989675347   -1.151917306   57.342738303   51.990705975   -4.305438058
    2.094395102   -1.151917306   62.087019796   38.311777906   -3.153662215
    2.199114858   -1.151917306   65.318563350   23.199950794   -2.471845268
    2.303834613   -1.151917306   66.928586777    7.511643320   -2.178334793
    2.408554368   -1.151917306   66.896060692   -8.003564026   -2.298795041
    2.513274123   -1.151917306   65.295777146  -22.220812413   -3.022088513
    2.617993878   -1.151917306   62.328700452  -33.933646435   -4.472896993
    2.722713633   -1.151917306   58.317704140  -42.054186364   -6.514030965
    2.827433388   -1.151917306   53.657275764  -46.301528758   -8.881057921
    2.932153143   -1.151917306   48.750371531  -46.894914921  -10.990086186
    3.036872898   -1.151917306   43.932247474  -44.705446465  -12.420769476

   -3.141592654   -1.047197551   38.140110017  -40.415998942  -11.971000340
   -3.036872898   -1.047197551   34.255735384  -33.478926704  -11.695254944
   -2.932153143   -1.047197551   31.173901539  -25.076857180  -10.802510140
   -2.827433388   -1.047197551   29.042315214  -15.512231556   -9.523013692
   -2.722713633   -1.047197551   27.928396964   -5.869033451   -8.316062821
   -2.617993878   -1.047197551   27.765338781    2.378341830   -7.530162217
   -2.513274123   -1.047197551   28.321444465    7.751640899   -7.480674446
   -2.408554368   -1.047197551   29.259600121    9.625999664   -8.409306783
   -2.303834613   -1.047197551   30.234711568    8.576420121   -9.922605443
   -2.199114858   -1.047197551   31.011063437    6.205549310  -11.813811158
   -2.094395102   -1.047197551   31.542316423    4.023416352  -13.710895986
   -1.989675347   -1.047197551   31.881216055    2.567786334  -15.506017524
   -1.884955592   -1.047197551   32.094786701    1.484214163  -17.226077410
   -1.780235837   -1.047197551   32.177206289   -0.002621684  -18.985218227
   -1.675516082   -1.047197551   32.080041729   -1.939507789  -20.861122700
   -1.570796327   -1.047197551   31.778701233   -3.778871578  -22.909699737
   -1.466076572   -1.047197551   31.330942824   -4.498384182  -25.102375284
   -1.361356817   -1.047197551   30.890281724   -3.675491473  -27.570914406
   -1.256637061   -1.047197551   30.609658951   -1.470104302  -30.035509188
   -1.151917306   -1.047197551   30.602827411    1.406050798  -32.308055849
   -1.047197551   -1.047197551   30.901944522    4.249452598  -34.156844996
   -0.942477796   -1.047197551   31.475981649    6.654127680  -35.233351718
   -0.837758041   -1.047197551   32.272699459    8.475601525  -35.456032943
   -0.733038286   -1.047197551   33.212125198    9.362623316  -34.481549094
   -0.628318531   -1.047197551   34.206045374    9.444401827  -32.464026364
   -0.523598776   -1.047197551   35.162393244    8.705858883  -29.349557417
   -0.418879020   -1.047197551   36.019693753    7.679633402  -25.294351872
   -0.314159265   -1.047197551   36.763058563    6.493639844  -20.614932821
   -0.209439510   -1.047197551   37.350206889    4.455545247  -15.740253283
   -0.104719755   -1.047197551   37.631151832    0.528451666  -11.329619034
    0.000000000   -1.047197551   37.365984872   -6.002135893   -7.670891535
    0.104719755   -1.047197551   36.289010933  -14.809147325   -4.983053442
    0.209439510   -1.047197551   34.249050040  -24.069159623   -3.447317544
    0.314159265   -1.047197551   31.292283936  -32.058985918   -2.820213113
    0.418879020   -1.047197551   27.629153096  -37.433486262   -2.992880727
    0.523598776   -1.047197551   23.559732084  -39.847023032   -3.697864495
    0.628318531   -1.047197551   19.388174972  -39.368752886   -4.714531912
    0.733038286   -1.047197551   15.416458838  -35.986971848   -5.598077909
    0.837758041   -1.047197551   11.966502977  -29.346465961   -6.316958056
    0.942477796   -1.047197551    9.394353689  -19.068856433   -6.927074933
    1.047197551   -1.047197551    8.109954858   -4.865135491   -7.419273135
    1.151917306   -1.047197551    8.481811579   12.389726209   -7.812225039
    1.256637061   -1.047197551   10.756557508   31.075429887   -8.091070754
    1.361356817   -1.047197551   14.954940859   48.732970079   -8.101826466
    1.466076572   -1.047197551   20.849106875   63.092920801   -7.691419549
    1.570796327   -1.047197551   27.987964420   72.270200278   -6.955995477
    1.675516082   -1.047197551   35.773382708   75.374348149   -5.909137267
    1.780235837   -1.047197551   43.563069564   72.436632961   -4.793081835
    1.884955592   -1.047197551   50.772644778   64.495188971   -3.915748677
    1.989675347   -1.047197551   56.943253970   52.787555314   -3.387880502
    2.094395102   -1.047197551   61.755885946   38.782594246   -3.232606997
    2.199114858   -1.047197551   65.015174695   23.332092451   -3.379365298
    2.303834613   -1.047197551   66.624465157    7.362766561   -3.703548424
    2.408554368   -1.047197551   66.562305903   -8.504731349   -4.139302141
    2.513274123   -1.047197551   64.888359090  -23.165362775   -4.777145879
    2.617993878   -1.047197551   61.794685395  -35.365379178   -5.752823935
    2.722713633   -1.047197551   57.601232681  -44.001049237   -7.103985943
    2.827433388   -1.047197551   52.728218854  -48.329690764   -8.738525847
    2.932153143   -1.047197551   47.623517951  -48.568051096  -10.290014656
    3.036872898   -1.047197551   42.663992225  -45.654790517  -11.442667037

   -3.141592654   -0.942477796   37.024439788  -40.561329655   -9.099239529
   -3.036872898   -0.942477796   33.154073509  -33.101763849   -9.054135598
   -2.932153143   -0.942477796   30.146886712  -24.129085436   -8.515505898
   -2.827433388   -0.942477796   28.125227088  -14.430083120   -7.731536364
   -2.722713633   -0.942477796   27.115693428   -4.997528317   -7.040339238
   -2.617993878   -0.942477796   27.015347291    2.620583136   -6.704857551
   -2.513274123   -0.942477796   27.555053974    7.126975413   -7.008711658
   -2.408554368   -0.942477796   28.390494800    8.299628625   -8.098424146
   -2.303834613   -0.942477796   29.196181884    6.815487918   -9.713630653
   -2.199114858   -0.942477796   29.775765217    4.217025135  -11.637087602
   -2.094395102   -0.942477796   30.101290566    2.115392151  -13.684476662
   -1.989675347   -0.942477796   30.245566869    0.763322919  -15.587086523
   -1.884955592   -0.942477796   30.269319285   -0.353260737  -17.522621754
   -1.780235837   -0.942477796   30.162153156   -1.815298452  -19.466318800
   -1.675516082   -0.942477796   29.860763295   -3.897449203  -21.514517958
   -1.570796327   -0.942477796   29.341089317   -5.887135339  -23.697044344
   -1.466076572   -0.942477796   28.665024204   -6.806711747  -25.888526547
   -1.361356817   -0.942477796   27.975326654   -6.054169832  -28.124635797
   -1.256637061   -0.942477796   27.456850721   -3.653740247  -30.195090923
   -1.151917306   -0.942477796   27.240634451   -0.350991122  -31.830913604
   -1.047197551   -0.942477796   27.387942693    3.198646762  -32.862840599
   -0.942477796   -0.942477796   27.897446351    6.449646072  -33.049092751
   -0.837758041   -0.942477796   28.721606432    9.256530953  -32.256949680
   -0.733038286   -0.942477796   29.805734705   11.303875793  -30.418091309
   -0.628318531   -0.942477796   31.057560056   12.434432653  -27.614394511
   -0.523598776   -0.942477796   32.367270515   12.530932544  -23.934143025
   -0.418879020   -0.942477796   33.666166479   12.168423790  -19.635192805
   -0.314159265   -0.942477796   34.896950416   11.194090709  -15.045466259
   -0.209439510   -0.942477796   35.960837056    8.809218726  -10.860813662
   -0.104719755   -0.942477796   36.652223813    3.983910048   -7.432311602
    0.000000000   -0.942477796   36.705995959   -3.462796066   -5.038462181
    0.104719755   -0.942477796   35.845622588  -13.182268453   -3.499258252
    0.209439510   -0.942477796   33.930340003  -23.322171102   -2.710517547
    0.314159265   -0.942477796   31.017269712  -31.965793499   -2.511056443
    0.418879020   -0.942477796   27.333981879  -37.844268530   -2.663442838
    0.523598776   -0.942477796   23.199763334  -40.551222616   -3.153847062
    0.628318531   -0.942477796   18.950672739  -40.103347160   -3.713747251
    0.733038286   -0.942477796   14.908137059  -36.564552275   -4.185467126
    0.837758041   -0.942477796   11.405158561  -29.736476907   -4.383821770
    0.942477796   -0.942477796    8.805100041  -19.268002702   -4.352686385
    1.047197551   -0.942477796    7.502496904   -5.066190919   -4.186260065
    1.151917306   -0.942477796    7.859340802   12.257009075   -4.070939175
    1.256637061   -0.942477796   10.124723929   31.085820472   -3.958495042
    1.361356817   -0.942477796   14.333084997   48.969043054   -3.786833119
    1.466076572   -0.942477796   20.268151816   63.648170846   -3.427557421
    1.570796327   -0.942477796   27.473569346   73.001115265   -2.895633096
    1.675516082   -0.942477796   35.339377290   76.145157471   -2.410697823
    1.780235837   -0.942477796   43.200224324   73.027035165   -2.218716268
    1.884955592   -0.942477796   50.451037720   64.727064475   -2.293659069
    1.989675347   -0.942477796   56.620309973   52.600843291   -2.810914803
    2.094395102   -0.942477796   61.393126434   38.306899756   -3.645056008
    2.199114858   -0.942477796   64.597005493   22.762037577   -4.581439005
    2.303834613   -0.942477796   66.144353280    6.774286196   -5.431509225
    2.408554368   -0.942477796   66.023513439   -9.012100931   -6.081927648
    2.513274123   -0.942477796   64.294713315  -23.772927332   -6.513882585
    2.617993878   -0.942477796   61.128806207  -36.196029027   -6.907496490
    2.722713633   -0.942477796   56.844091936  -44.999446792   -7.256665416
    2.827433388   -0.942477796   51.859982737  -49.446520349   -7.758061429
    2.932153143   -0.942477796   46.639455471  -49.585750432   -8.340610810
    3.036872898   -0.942477796   41.591014088  -46.323849305   -8.832429564

   -3.141592654   -0.837758041   36.276401115  -40.591498741   -5.118497810
   -3.036872898   -0.837758041   32.414067876  -32.910976357   -5.001516469
   -2.932153143   -0.837758041   29.434938978  -23.773600302   -4.992317977
   -2.827433388   -0.837758041   27.454806925  -14.037142033   -4.929052577
   -2.722713633   -0.837758041   26.479246508   -4.795781253   -5.035737012
   -2.617993878   -0.837758041   26.378976299    2.414339438   -5.358406842
   -2.513274123   -0.837758041   26.865515160    6.262540894   -6.145636939
   -2.408554368   -0.837758041   27.575928161    6.785280686   -7.475942913
   -2.303834613   -0.837758041   28.205637832    4.935771414   -9.164110712
   -2.199114858   -0.837758041   28.585217653    2.210734721  -11.115364081
   -2.094395102   -0.837758041   28.696520055    0.070395757  -13.158881124
   -1.989675347   -0.837758041   28.627589942   -1.305633463  -15.263616662
   -1.884955592   -0.837758041   28.436143127   -2.386857475  -17.481363442
   -1.780235837   -0.837758041   28.103465845   -4.044273069  -19.875665576
   -1.675516082   -0.837758041   27.571646445   -6.160047445  -22.265772939
   -1.570796327   -0.837758041   26.816056205   -8.176926123  -24.605584729
   -1.466076572   -0.837758041   25.907225295   -8.969399468  -26.744287047
   -1.361356817   -0.837758041   25.001198467   -8.003329251  -28.602178948
   -1.256637061   -0.837758041   24.298034110   -5.180680816  -29.992633073
   -1.151917306   -0.837758041   23.952896795   -1.265384506  -30.781500020
   -1.047197551   -0.837758041   24.045079068    2.988601114  -30.879326884
   -0.942477796   -0.837758041   24.584457845    7.242251843  -30.089903177
   -0.837758041   -0.837758041   25.541729255   10.985673437  -28.364461745
   -0.733038286   -0.837758041   26.858081157   13.941918216  -25.805327893
   -0.628318531   -0.837758041   28.432693628   15.908885799  -22.495538580
   -0.523598776   -0.837758041   30.151200692   16.760988753  -18.478930985
   -0.418879020   -0.837758041   31.906709240   16.672754244  -14.073841423
   -0.314159265   -0.837758041   33.598152330   15.403540372   -9.881251076
   -0.209439510   -0.837758041   35.058635442   12.181425884   -6.474722683
   -0.104719755   -0.837758041   36.054445624    6.340759976   -4.049880922
    0.000000000   -0.837758041   36.300299464   -2.112082535   -2.734481616
    0.104719755   -0.837758041   35.547767702  -12.503340540   -2.169797836
    0.209439510   -0.837758041   33.677421737  -23.041472569   -2.022239098
    0.314159265   -0.837758041   30.773846805  -32.005501505   -2.108899236
    0.418879020   -0.837758041   27.071070200  -38.152717622   -2.284229522
    0.523598776   -0.837758041   22.897505920  -40.972036256   -2.613737926
    0.628318531   -0.837758041   18.605483214  -40.460062407   -2.837500572
    0.733038286   -0.837758041   14.540432415  -36.661698400   -2.911458403
    0.837758041   -0.837758041   11.044072952  -29.562057984   -2.577918416
    0.942477796   -0.837758041    8.476048727  -18.869959913   -2.000747632
    1.047197551   -0.837758041    7.216969593   -4.617985976   -1.317032396
    1.151917306   -0.837758041    7.613894375   12.636050867   -0.713771395
    1.256637061   -0.837758041    9.911719032   31.358688249   -0.193188165
    1.361356817   -0.837758041   14.152282912   49.282802301    0.282804845
    1.466076572   -0.837758041   20.123897010   63.976333972    0.637707330
    1.570796327   -0.837758041   27.365576306   73.284519047    0.781139530
    1.675516082   -0.837758041   35.252049266   76.190040425    0.643885674
    1.780235837   -0.837758041   43.094370917   72.618548254    0.124973487
    1.884955592   -0.837758041   50.283439078   63.953400571   -0.900686457
    1.989675347   -0.837758041   56.354894441   51.514903697   -2.200531689
    2.094395102   -0.837758041   61.003191931   37.060179101   -3.733295288
    2.199114858   -0.837758041   64.072964231   21.518528074   -5.265811329
    2.303834613   -0.837758041   65.505913092    5.870539218   -6.564815128
    2.408554368   -0.837758041   65.308498380   -9.542259845   -7.382280673
    2.513274123   -0.837758041   63.540233996  -23.930187283   -7.692374117
    2.617993878   -0.837758041   60.369743018  -36.163222793   -7.491900569
    2.722713633   -0.837758041   56.094462603  -44.824815493   -6.982014657
    2.827433388   -0.837758041   51.120172895  -49.408670207   -6.308976416
    2.932153143   -0.837758041   45.899949185  -49.625389604   -5.680536818
    3.036872898   -0.837758041   40.846658688  -46.376419986   -5.284102827

   -3.141592654   -0.733038286   35.962015264  -40.312493344   -0.915974093
   -3.036872898   -0.733038286   32.111430017  -32.949441118   -0.802564696
   -2.932153143   -0.733038286   29.116876104  -24.025867839   -1.080841411
   -2.827433388   -0.733038286   27.104382705  -14.424318897   -1.741006523
   -2.722713633   -0.733038286   26.076685875   -5.442749982   -2.704732671
   -2.617993878   -0.733038286   25.893093939    1.438130101   -3.949135383
   -2.513274123   -0.733038286   26.257181176    4.914773233   -5.501684709
   -2.408554368   -0.733038286   26.805962495    5.114718294   -7.275355155
   -2.303834613   -0.733038286   27.248554672    3.089227792   -9.141781034
   -2.199114858   -0.733038286   27.428612469    0.296368487  -11.070180330
   -2.094395102   -0.733038286   27.333697945   -1.969180066  -12.989776808
   -1.989675347   -0.733038286   27.040124051   -3.567042125  -15.214913168
   -1.884955592   -0.733038286   26.596656723   -4.897119511  -17.679066733
   -1.780235837   -0.733038286   25.998510975   -6.599409979  -20.288703442
   -1.675516082   -0.733038286   25.204242733   -8.611204288  -22.857213548
   -1.570796327   -0.733038286   24.205970936  -10.301500390  -25.132756476
   -1.466076572   -0.733038286   23.083540485  -10.847090968  -27.044080038
   -1.361356817   -0.733038286   22.012252512   -9.273937190  -28.277658001
   -1.256637061   -0.733038286   21.207555743   -5.826139795  -28.845441231
   -1.151917306   -0.733038286   20.828082901   -1.271575812  -28.772903837
   -1.047197551   -0.733038286   20.957662104    3.793530118  -27.934030089
   -0.942477796   -0.733038286   21.622388750    8.845345408  -26.328355740
   -0.837758041   -0.733038286   22.795208627   13.460809087  -24.058904732
   -0.733038286   -0.733038286   24.402147389   17.126256765  -21.105312177
   -0.628318531   -0.733038286   26.342216411   19.704430681  -17.552363856
   -0.523598776   -0.733038286   28.482857867   21.012356851  -13.574619880
   -0.418879020   -0.733038286   30.689160358   20.894410934   -9.384988251
   -0.314159265   -0.733038286   32.793063052   18.969660423   -5.658806443
   -0.209439510   -0.733038286   34.581466560   14.770268357   -2.811856517
   -0.104719755   -0.733038286   35.786492102    7.808608236   -1.139611677
    0.000000000   -0.733038286   36.129774011   -1.608947500   -0.563518388
    0.104719755   -0.733038286   35.399204433  -12.475563264   -0.628547135
    0.209439510   -0.733038286   33.521384931  -23.236846025   -0.902173476
    0.314159265   -0.733038286   30.595276763  -32.252355589   -1.178277904
    0.418879020   -0.733038286   26.866963904  -38.415878207   -1.585199890
    0.523598776   -0.733038286   22.662603830  -41.239939717   -1.813479402
    0.628318531   -0.733038286   18.352580888  -40.546213064   -2.054077115
    0.733038286   -0.733038286   14.294173353  -36.407134740   -1.907858414
    0.837758041   -0.733038286   10.846068863  -28.887881718   -1.262437948
    0.942477796   -0.733038286    8.364750797  -17.934659118   -0.220491184
    1.047197551   -0.733038286    7.203631055   -3.660361392    0.985929139
    1.151917306   -0.733038286    7.697225905   13.438407636    2.145448104
    1.256637061   -0.733038286   10.071953287   32.018629777    3.148509042
    1.361356817   -0.733038286   14.372813145   49.791773841    3.859040043
    1.466076572   -0.733038286   20.381905391   64.192049959    4.215512129
    1.570796327   -0.733038286   27.626783718   73.168374154    4.138101347
    1.675516082   -0.733038286   35.471707106   75.557694998    3.535501947
    1.780235837   -0.733038286   43.226908844   71.587084131    2.428139195
    1.884955592   -0.733038286   50.280076021   62.433003996    0.893631967
    1.989675347   -0.733038286   56.180005901   49.806727836   -0.998592746
    2.094395102   -0.733038286   60.644626674   35.209004747   -2.907766445
    2.199114858   -0.733038286   63.535389725   19.918003848   -4.727467474
    2.303834613   -0.733038286   64.823356367    4.676914701   -6.163152219
    2.408554368   -0.733038286   64.533023230  -10.115391134   -7.119052581
    2.513274123   -0.733038286   62.737829625  -23.884586809   -7.326173542
    2.617993878   -0.733038286   59.603738214  -35.491903766   -6.867900687
    2.722713633   -0.733038286   55.418078173  -43.838016537   -5.745435905
    2.827433388   -0.733038286   50.561159894  -48.261688908   -4.276018318
    2.932153143   -0.733038286   45.455961936  -48.631425012   -2.759999545
    3.036872898   -0.733038286   40.487314383  -45.782676646   -1.603668508

   -3.141592654   -0.628318531   36.068053111  -39.879257929    2.855646951
   -3.036872898   -0.628318531   32.227083398  -33.167693550    2.852989617
   -2.932153143   -0.628318531   29.179638781  -24.765656608    2.118561969
   -2.827433388   -0.628318531   27.061080951  -15.648153679    0.798901122
   -2.722713633   -0.628318531   25.888092240   -6.998651824   -1.030544586
   -2.617993878   -0.628318531   25.522323662   -0.442455180   -3.192316341
   -2.513274123   -0.628318531   25.683551488    2.951365406   -5.539725751
   -2.408554368   -0.628318531   26.024101234    3.130436116   -7.785086058
   -2.303834613   -0.628318531   26.261717002    1.235041067   -9.855489695
   -2.199114858   -0.628318531   26.241652329   -1.579095486  -11.759271193
   -2.094395102   -0.628318531   25.944686297   -3.982363306  -13.674293868
   -1.989675347   -0.628318531   25.424894815   -5.943619127  -15.786209458
   -1.884955592   -0.628318531   24.724264939   -7.448847923  -18.155172485
   -1.780235837   -0.628318531   23.856458578   -9.190512359  -20.591381946
   -1.675516082   -0.628318531   22.800747742  -10.950334245  -22.929764858
   -1.570796327   -0.628318531   21.578150259  -12.212934617  -24.814155847
   -1.466076572   -0.628318531   20.289724075  -12.053535761  -26.052865915
   -1.361356817   -0.628318531   19.126250796   -9.811754058  -26.593383191
   -1.256637061   -0.628318531   18.299470703   -5.674625938  -26.455530668
   -1.151917306   -0.628318531   17.972664414   -0.432658087  -25.546116385
   -1.047197551   -0.628318531   18.228874016    5.372006160  -24.084433130
   -0.942477796   -0.628318531   19.086349959   10.957533422  -22.005710165
   -0.837758041   -0.628318531   20.513654751   16.152508752  -19.534556165
   -0.733038286   -0.628318531   22.432957262   20.372305274  -16.597634263
   -0.628318531   -0.628318531   24.734101174   23.358893750  -13.236686189
   -0.523598776   -0.628318531   27.279720972   24.991069981   -9.566498993
   -0.418879020   -0.628318531   29.900472136   24.734652057   -5.823977314
   -0.314159265   -0.628318531   32.372630894   22.078100046   -2.551992699
   -0.209439510   -0.628318531   34.433026374   16.798290053   -0.172198365
   -0.104719755   -0.628318531   35.787632237    8.662227025    1.071872936
    0.000000000   -0.628318531   36.176349784   -1.526885671    1.415610371
    0.104719755   -0.628318531   35.428256145  -12.764975425    1.133182977
    0.209439510   -0.628318531   33.509656222  -23.633138478    0.744093394
    0.314159265   -0.628318531   30.538210789  -32.715882549    0.131330719
    0.418879020   -0.628318531   26.760408311  -38.856297516   -0.417461092
    0.523598776   -0.628318531   22.516068582  -41.592766926   -0.960001802
    0.628318531   -0.628318531   18.181691757  -40.619704556   -1.226333580
    0.733038286   -0.628318531   14.140520360  -35.968479619   -1.059262918
    0.837758041   -0.628318531   10.770868984  -27.873713492   -0.271451761
    0.942477796   -0.628318531    8.413460706  -16.586851152    1.084969498
    1.047197551   -0.628318531    7.401836271   -2.206639336    2.676091537
    1.151917306   -0.628318531    8.042096882   14.784160904    4.359882790
    1.256637061   -0.628318531   10.547119890   33.068780259    5.880428122
    1.361356817   -0.628318531   14.941617250   50.480591935    6.934913227
    1.466076572   -0.628318531   20.995935119   64.371078424    7.445885329
    1.570796327   -0.628318531   28.226426368   72.688830172    7.271433066
    1.675516082   -0.628318531   35.990009141   74.500627923    6.359031787
    1.780235837   -0.628318531   43.606153562   70.008386738    4.876882668
    1.884955592   -0.628318531   50.482176434   60.559780459    3.044347099
    1.989675347   -0.628318531   56.174653713   47.768711342    1.058305958
    2.094395102   -0.628318531   60.433097700   33.338456013   -0.844077488
    2.199114858   -0.628318531   63.141183792   18.349057620   -2.519311527
    2.303834613   -0.628318531   64.281743165    3.494472670   -3.882643596
    2.408554368   -0.628318531   63.894400451  -10.702386280   -4.699733471
    2.513274123   -0.628318531   62.078061796  -23.696496293   -4.867771641
    2.617993878   -0.628318531   59.003469039  -34.581740016   -4.222445013
    2.722713633   -0.628318531   54.946846260  -42.361626812   -2.905353070
    2.827433388   -0.628318531   50.264816840  -46.440620729   -1.143576965
    2.932153143   -0.628318531   45.339258209  -47.077423878    0.692097407
    3.036872898   -0.628318531   40.513382727  -44.659109751    2.027861639

   -3.141592654   -0.523598776   36.539089989  -39.734294069    6.071465432
   -3.036872898   -0.523598776   32.674747847  -33.777434095    5.561615605
   -2.932153143   -0.523598776   29.529044199  -26.081214811    4.313616359
   -2.827433388   -0.523598776   27.242192424  -17.552817240    2.455357278
   -2.722713633   -0.523598776   25.840354332   -9.437804988   -0.045974713
   -2.617993878   -0.523598776   25.204065675   -3.166331546   -2.990888820
   -2.513274123   -0.523598776   25.080471646    0.289581147   -6.003848027
   -2.408554368   -0.523598776   25.158736932    0.721508132   -8.799007344
   -2.303834613   -0.523598776   25.162762755   -0.899793490  -11.181694822
   -2.199114858   -0.523598776   24.936663417   -3.433562783  -13.149626069
   -2.094395102   -0.523598776   24.447945562   -5.889342741  -14.934904840
   -1.989675347   -0.523598776   23.723213936   -7.937007368  -16.727130626
   -1.884955592   -0.523598776   22.798710049   -9.702870104  -18.597924815
   -1.780235837   -0.523598776   21.696405487  -11.284570992  -20.512033573
   -1.675516082   -0.523598776   20.434257757  -12.770435585  -22.141200690
   -1.570796327   -0.523598776   19.047670726  -13.459108371  -23.312865985
   -1.466076572   -0.523598776   17.670322693  -12.593341634  -23.767072672
   -1.361356817   -0.523598776   16.487831837   -9.689950831  -23.604754251
   -1.256637061   -0.523598776   15.710797995   -4.891465635  -22.849633369
   -1.151917306   -0.523598776   15.503291594    1.105488580  -21.485227001
   -1.047197551   -0.523598776   15.940236437    7.257396144  -19.675053339
   -0.942477796   -0.523598776   17.016986690   13.252764524  -17.536222411
   -0.837758041   -0.523598776   18.700749831   18.754651347  -15.145185965
   -0.733038286   -0.523598776   20.914054014   23.320886042  -12.525830285
   -0.628318531   -0.523598776   23.546153801   26.748529329   -9.495659342
   -0.523598776   -0.523598776   26.456628828   28.504671088   -6.257411501
   -0.418879020   -0.523598776   29.442012905   28.085109321   -3.054731535
   -0.314159265   -0.523598776   32.231336607   24.732005314   -0.243992206
   -0.209439510   -0.523598776   34.517350595   18.444945374    1.699639297
   -0.104719755   -0.523598776   35.994969151    9.376203863    2.844050028
    0.000000000   -0.523598776   36.414839745   -1.574987608    3.082960340
    0.104719755   -0.523598776   35.641540968  -13.153050571    2.848023572
    0.209439510   -0.523598776   33.670858848  -24.280412046    2.255542539
    0.314159265   -0.523598776   30.627845930  -33.429311980    1.540720241
    0.418879020   -0.523598776   26.776707820  -39.570946239    0.679680713
    0.523598776   -0.523598776   22.464509207  -42.116252988   -0.067542616
    0.628318531   -0.523598776   18.090354856  -40.813185812   -0.544321225
    0.733038286   -0.523598776   14.065065692  -35.461899398   -0.359012792
    0.837758041   -0.523598776   10.778499074  -26.749459947    0.400485883
    0.942477796   -0.523598776    8.571893182  -14.901583587    1.976034359
    1.047197551   -0.523598776    7.750478352   -0.295088145    3.969420458
    1.151917306   -0.523598776    8.591175285   16.645783986    6.114811833
    1.256637061   -0.523598776   11.278256177   34.630050032    8.078821954
    1.361356817   -0.523598776   15.803567954   51.421180693    9.474643478
    1.466076572   -0.523598776   21.920369139   64.586886679   10.144309046
    1.570796327   -0.523598776   29.131456844   72.086878212    9.944745318
    1.675516082   -0.523598776   36.791276869   73.092596314    8.881200432
    1.780235837   -0.523598776   44.242866178   68.297138141    7.274779740
    1.884955592   -0.523598776   50.927004188   58.697544777    5.463972839
    1.989675347   -0.523598776   56.424926679   45.941494291    3.801494839
    2.094395102   -0.523598776   60.502199654   31.770830418    2.324623111
    2.199114858   -0.523598776   63.059259376   17.049503994    1.164773457
    2.303834613   -0.523598776   64.080455858    2.558020162    0.273687597
    2.408554368   -0.523598776   63.624586093  -11.081727133   -0.184120833
    2.513274123   -0.523598776   61.801509681  -23.422448016   -0.096839778
    2.617993878   -0.523598776   58.795660553  -33.499655253    0.617699815
    2.722713633   -0.523598776   54.880263557  -40.794731492    1.917886806
    2.827433388   -0.523598776   50.374595522  -44.746909428    3.440181465
    2.932153143   -0.523598776   45.621531243  -45.533938356    4.836842322
    3.036872898   -0.523598776   40.926374514  -43.731842416    5.854786505

   -3.141592654   -0.418879020   37.327839369  -40.271852105    8.861993298
   -3.036872898   -0.418879020   33.367154955  -35.023134371    7.453959941
   -2.932153143   -0.418879020   30.056214872  -28.007841104    5.524781914
   -2.827433388   -0.418879020   27.535077578  -20.052282590    2.973114169
   -2.722713633   -0.418879020   25.844079572  -12.399289077    0.010573642
   -2.617993878   -0.418879020   24.877016158   -6.436308000   -3.327039185
   -2.513274123   -0.418879020   24.410940220   -2.894147338   -6.779873338
   -2.408554368   -0.418879020   24.175475953   -1.981078252   -9.925318061
   -2.303834613   -0.418879020   23.918198857   -3.162535431  -12.536566685
   -2.199114858   -0.418879020   23.484558451   -5.246452957  -14.549898253
   -2.094395102   -0.418879020   22.817656721   -7.546105101  -16.158728211
   -1.989675347   -0.418879020   21.924757752   -9.492347545  -17.549184542
   -1.884955592   -0.418879020   20.837538859  -11.237248597  -18.749476894
   -1.780235837   -0.418879020   19.582984802  -12.658376505  -19.757936269
   -1.675516082   -0.418879020   18.194775480  -13.738403794  -20.498634676
   -1.570796327   -0.418879020   16.734752472  -13.887008222  -20.746302561
   -1.466076572   -0.418879020   15.342716483  -12.416473558  -20.679130477
   -1.361356817   -0.418879020   14.205163886   -8.946273843  -19.967663355
   -1.256637061   -0.418879020   13.531257570   -3.656060292  -18.872041981
   -1.151917306   -0.418879020   13.475632942    2.724375234  -17.381544210
   -1.047197551   -0.418879020   14.101608436    9.197766055  -15.582927036
   -0.942477796   -0.418879020   15.396454579   15.485231153  -13.545785430
   -0.837758041   -0.418879020   17.321051771   21.158640835  -11.253134632
   -0.733038286   -0.418879020   19.797980719   25.950165934   -8.868005624
   -0.628318531   -0.418879020   22.727406231   29.714085855   -6.199869002
   -0.523598776   -0.418879020   25.953533567   31.563064873   -3.396195851
   -0.418879020   -0.418879020   29.248217728   30.846290387   -0.653215002
   -0.314159265   -0.418879020   32.304500476   26.997513764    1.600724133
   -0.209439510   -0.418879020   34.780442832   19.796883027    3.268537505
   -0.104719755   -0.418879020   36.359860222    9.928747911    4.109489450
    0.000000000   -0.418879020   36.805680148   -1.602174292    4.305367325
    0.104719755   -0.418879020   36.002097824  -13.719702401    3.950769384
    0.209439510   -0.418879020   33.961333096  -24.991076387    3.255085798
    0.314159265   -0.418879020   30.836239080  -34.254835391    2.363644052
    0.418879020   -0.418879020   26.888743770  -40.518300748    1.354107416
    0.523598776   -0.418879020   22.489993279  -42.786222267    0.557841696
    0.628318531   -0.418879020   18.067348526  -40.956167761    0.136748011
    0.733038286   -0.418879020   14.061615248  -34.923056664    0.401040007
    0.837758041   -0.418879020   10.873194559  -25.445399821    1.466798026
    0.942477796   -0.418879020    8.836014174  -13.032364690    3.211103956
    1.047197551   -0.418879020    8.239475487    2.037223805    5.472375181
    1.151917306   -0.418879020    9.325777955   18.984217219    7.981778343
    1.256637061   -0.418879020   12.234314727   36.500201343   10.222578150
    1.361356817   -0.418879020   16.920237169   52.571092604   11.814546472
    1.466076572   -0.418879020   23.108076017   64.768898890   12.473876259
    1.570796327   -0.418879020   30.288725939   71.369919324   12.113918635
    1.675516082   -0.418879020   37.836688690   71.761570607   11.045322356
    1.780235837   -0.418879020   45.124807095   66.612704509    9.526602432
    1.884955592   -0.418879020   51.635668898   57.108344235    8.057765808
    1.989675347   -0.418879020   56.984186424   44.668253388    6.902584165
    2.094395102   -0.418879020   60.940252537   30.711052157    6.132763430
    2.199114858   -0.418879020   63.409800656   16.393397750    5.651413506
    2.303834613   -0.418879020   64.379289672    2.200365925    5.539791481
    2.408554368   -0.418879020   63.905705041  -11.070715717    5.656753342
    2.513274123   -0.418879020   62.111901728  -22.890931584    6.167423258
    2.617993878   -0.418879020   59.186034176  -32.487807894    7.032636720
    2.722713633   -0.418879020   55.393055873  -39.475598670    8.057765660
    2.827433388   -0.418879020   51.020494661  -43.526604243    9.045016071
    2.932153143   -0.418879020   46.376173591  -44.706030425    9.653410118
    3.036872898   -0.418879020   41.733974374  -43.560778975    9.581295363

   -3.141592654   -0.314159265   38.366204666  -41.980370072   10.772612617
   -3.036872898   -0.314159265   34.200247429  -37.212066589    8.223655838
   -2.932153143   -0.314159265   30.636306870  -30.606067303    5.325416845
   -2.827433388   -0.314159265   27.820529354  -23.050852631    2.210211690
   -2.722713633   -0.314159265   25.799679360  -15.737439376   -1.070972930
   -2.617993878   -0.314159265   24.474185512   -9.901984487   -4.493471900
   -2.513274123   -0.314159265   23.648461175   -6.298982219   -7.912989935
   -2.408554368   -0.314159265   23.081621942   -4.938579222  -10.971252943
   -2.303834613   -0.314159265   22.551780610   -5.421080090  -13.514976409
   -2.199114858   -0.314159265   21.911165113   -6.963052088  -15.384517883
   -2.094395102   -0.314159265   21.089152389   -8.757270239  -16.677164369
   -1.989675347   -0.314159265   20.077026559  -10.510958066  -17.598801004
   -1.884955592   -0.314159265   18.896966337  -11.984044086  -18.139665072
   -1.780235837   -0.314159265   17.582104402  -13.125193418  -18.327197158
   -1.675516082   -0.314159265   16.158750617  -13.887845698  -18.253652310
   -1.570796327   -0.314159265   14.707568795  -13.599735727  -17.925622336
   -1.466076572   -0.314159265   13.355446895  -11.906000813  -17.395471206
   -1.361356817   -0.314159265   12.295728496   -8.033348204  -16.578307906
   -1.256637061   -0.314159265   11.739376824   -2.369668968  -15.516986522
   -1.151917306   -0.314159265   11.833621060    4.298181529  -14.209952108
   -1.047197551   -0.314159265   12.640771675   11.130353698  -12.499873329
   -0.942477796   -0.314159265   14.148429102   17.610122094  -10.501878288
   -0.837758041   -0.314159265   16.306942852   23.432504951   -8.171289468
   -0.733038286   -0.314159265   19.037030638   28.549069525   -5.702853993
   -0.628318531   -0.314159265   22.241480403   32.377467248   -3.065577601
   -0.523598776   -0.314159265   25.746856527   34.146114887   -0.525148336
   -0.418879020   -0.314159265   29.302515255   33.118918355    1.689160679
   -0.314159265   -0.314159265   32.569089085   28.672368051    3.482693548
   -0.209439510   -0.314159265   35.189964718   20.863524996    4.559343119
   -0.104719755   -0.314159265   36.839660035   10.303720979    5.062853530
    0.000000000   -0.314159265   37.293962206   -1.848556640    4.962759436
    0.104719755   -0.314159265   36.444998145  -14.335905947    4.378899175
    0.209439510   -0.314159265   34.325200718  -25.843203272    3.507608201
    0.314159265   -0.314159265   31.099142679  -35.324609983    2.525197123
    0.418879020   -0.314159265   27.048856302  -41.422787476    1.602880101
    0.523598776   -0.314159265   22.571242714  -43.354945223    0.934124593
    0.628318531   -0.314159265   18.121702872  -40.820951005    0.916861805
    0.733038286   -0.314159265   14.166163337  -34.070507428    1.680561955
    0.837758041   -0.314159265   11.107907661  -23.818809674    3.143655323
    0.942477796   -0.314159265    9.271565766  -10.824674542    5.187926238
    1.047197551   -0.314159265    8.924857011    4.543509396    7.659930347
    1.151917306   -0.314159265   10.275731860   21.463356953   10.233523064
    1.256637061   -0.314159265   13.422031206   38.486127543   12.451800774
    1.361356817   -0.314159265   18.272619148   53.668737700   14.002160053
    1.466076572   -0.314159265   24.519828145   64.872069518   14.429952014
    1.570796327   -0.314159265   31.658230816   70.548367588   13.966304092
    1.675516082   -0.314159265   39.092049433   70.495583328   12.894634996
    1.780235837   -0.314159265   46.237593230   65.249484644   11.756831233
    1.884955592   -0.314159265   52.619306145   56.035376495   10.742838757
    1.989675347   -0.314159265   57.878532798   44.023994855   10.239512170
    2.094395102   -0.314159265   61.792169474   30.535172454   10.160411551
    2.199114858   -0.314159265   64.250732619   16.482835876   10.402733733
    2.303834613   -0.314159265   65.238697782    2.511899392   10.852790815
    2.408554368   -0.314159265   64.812880255  -10.495432818   11.614497846
    2.513274123   -0.314159265   63.096367114  -21.999303421   12.566953933
    2.617993878   -0.314159265   60.272863358  -31.582118684   13.581616253
    2.722713633   -0.314159265   56.573092398  -38.632682347   14.393262271
    2.827433388   -0.314159265   52.269599812  -43.117855759   14.713781613
    2.932153143   -0.314159265   47.633536059  -45.038175014   14.202263655
    3.036872898   -0.314159265   42.918988318  -44.612965656   12.843645958

   -3.141592654   -0.209439510   39.522358811  -44.975298954   10.966167885
   -3.036872898   -0.209439510   35.028650889  -40.477916445    7.251230391
   -2.932153143   -0.209439510   31.116493829  -33.967027453    3.569059509
   -2.827433388   -0.209439510   27.952231054  -26.428234087    0.009896912
   -2.722713633   -0.209439510   25.576355452  -19.106527230   -3.403260103
   -2.617993878   -0.209439510   23.903017152  -13.173092049   -6.486835808
   -2.513274123   -0.209439510   22.748215331   -9.252322225   -9.301003239
   -2.408554368   -0.209439510   21.888434342   -7.480921484  -11.773207969
   -2.303834613   -0.209439510   21.118527140   -7.422002125  -13.748748028
   -2.199114858   -0.209439510   20.298931463   -8.341299151  -15.215170862
   -2.094395102   -0.209439510   19.360466248   -9.608721085  -16.161216321
   -1.989675347   -0.209439510   18.281080995  -10.942233182  -16.521181052
   -1.884955592   -0.209439510   17.075494239  -12.032761508  -16.517656370
   -1.780235837   -0.209439510   15.768298079  -12.904390094  -16.285904225
   -1.675516082   -0.209439510   14.376541581  -13.551235471  -15.830012013
   -1.570796327   -0.209439510   12.972318403  -13.087847897  -15.323432772
   -1.466076572   -0.209439510   11.684656547  -11.221648613  -14.706217592
   -1.361356817   -0.209439510   10.701996410   -7.199074857  -14.079260986
   -1.256637061   -0.209439510   10.240461471   -1.318233510  -13.284140327
   -1.151917306   -0.209439510   10.462616073    5.721252455  -12.211522266
   -1.047197551   -0.209439510   11.439727303   12.921158428  -10.611295281
   -0.942477796   -0.209439510   13.162292966   19.877536054   -8.473352797
   -0.837758041   -0.209439510   15.576304778   26.059397254   -5.860362083
   -0.733038286   -0.209439510   18.587516821   31.284393039   -2.941263022
   -0.628318531   -0.209439510   22.075698857   35.028644094   -0.121420070
   -0.523598776   -0.209439510   25.844567792   36.542041083    2.404219767
   -0.418879020   -0.209439510   29.616773682   34.917331757    4.320497323
   -0.314159265   -0.209439510   33.036890113   29.788501499    5.483463410
   -0.209439510   -0.209439510   35.741713169   21.340992923    6.003430536
   -0.104719755   -0.209439510   37.417050746   10.283461323    5.905886691
    0.000000000   -0.209439510   37.836034898   -2.370198256    5.343270573
    0.104719755   -0.209439510   36.909044845  -15.277940768    4.436483711
    0.209439510   -0.209439510   34.683921848  -26.946188611    3.347700177
    0.314159265   -0.209439510   31.350315919  -36.255425135    2.317609640
    0.418879020   -0.209439510   27.216652240  -42.069149955    1.644675702
    0.523598776   -0.209439510   22.698456319  -43.455016778    1.603014359
    0.628318531   -0.209439510   18.279647015  -40.195806392    2.218283301
    0.733038286   -0.209439510   14.432196398  -32.739614190    3.455749901
    0.837758041   -0.209439510   11.546367027  -21.863208121    5.323190023
    0.942477796   -0.209439510    9.941793753   -8.400203004    7.685779796
    1.047197551   -0.209439510    9.864350820    7.130951789   10.235698508
    1.151917306   -0.209439510   11.479781964   23.834826277   12.733791820
    1.256637061   -0.209439510   14.847681623   40.255907627   14.699464015
    1.361356817   -0.209439510   19.837803983   54.507787547   15.872005978
    1.466076572   -0.209439510   26.122016755   64.742790085   16.166041392
    1.570796327   -0.209439510   33.210986287   69.743834365   15.704943812
    1.675516082   -0.209439510   40.543460346   69.451565841   14.879397746
    1.780235837   -0.209439510   47.589773166   64.444743843   14.129214607
    1.884955592   -0.209439510   53.898612236   55.527708135   13.757593054
    1.989675347   -0.209439510   59.132496555   44.011750552   13.704181517
    2.094395102   -0.209439510   63.061688551   30.850175912   14.061308862
    2.199114858   -0.209439510   65.569674488   16.998288713   14.670938103
    2.303834613   -0.209439510   66.627998907    3.320287731   15.516634205
    2.408554368   -0.209439510   66.300982822   -9.424859981   16.581231247
    2.513274123   -0.209439510   64.699554419  -20.900776955   17.701514335
    2.617993878   -0.209439510   61.981290480  -30.677924191   18.677838331
    2.722713633   -0.209439510   58.348897499  -38.327365535   19.134361741
    2.827433388   -0.209439510   54.036499880  -43.681728901   18.636457757
    2.932153143   -0.209439510   49.288485221  -46.575993708   17.049898244
    3.036872898   -0.209439510   44.363986103  -47.077577292   14.392515703

   -3.141592654   -0.104719755   40.591113979  -49.114938141    9.090176554
   -3.036872898   -0.104719755   35.659912562  -44.583554740    4.546972917
   -2.932153143   -0.104719755   31.326750065  -37.847413599    0.268936279
   -2.827433388   -0.104719755   27.779053525  -29.888056402   -3.423292876
   -2.722713633   -0.104719755   25.062715112  -22.102049445   -6.466943242
   -2.617993878   -0.104719755   23.101716200  -15.680618089   -8.855211155
   -2.513274123   -0.104719755   21.702071644  -11.454099356  -10.671297576
   -2.408554368   -0.104719755   20.633705927   -9.278574408  -12.136434214
   -2.303834613   -0.104719755   19.697483832   -8.839123953  -13.306011656
   -2.199114858   -0.104719755   18.758853858   -9.272506706  -14.076340515
   -2.094395102   -0.104719755   17.747318814  -10.093720397  -14.542228764
   -1.989675347   -0.104719755   16.641827334  -11.008927135  -14.649716071
   -1.884955592   -0.104719755   15.450480515  -11.762054724  -14.489691800
   -1.780235837   -0.104719755   14.180178302  -12.504183440  -14.010818809
   -1.675516082   -0.104719755   12.842088244  -13.002659608  -13.566524518
   -1.570796327   -0.104719755   11.485150332  -12.661278816  -13.230992119
   -1.466076572   -0.104719755   10.238393064  -10.809964474  -13.033093818
   -1.361356817   -0.104719755    9.305823039   -6.673722964  -12.763696675
   -1.256637061   -0.104719755    8.911055951   -0.594338740  -12.296620149
   -1.151917306   -0.104719755    9.234727085    6.986657582  -11.338989936
   -1.047197551   -0.104719755   10.386641866   14.992125119   -9.615236332
   -0.942477796   -0.104719755   12.355172143   22.500574837   -7.023768838
   -0.837758041   -0.104719755   15.067352396   29.114146755   -3.936835312
   -0.733038286   -0.104719755   18.407058050   34.394107921   -0.538397084
   -0.628318531   -0.104719755   22.210959651   37.874430585    2.651092522
   -0.523598776   -0.104719755   26.246010630   38.701723172    5.212024104
   -0.418879020   -0.104719755   30.204886806   36.298213176    6.900434669
   -0.314159265   -0.104719755   33.722722980   30.338547042    7.576097715
   -0.209439510   -0.104719755   36.444441398   21.203508788    7.442876552
   -0.104719755   -0.104719755   38.079952064    9.598806882    6.744577810
    0.000000000   -0.104719755   38.413018278   -3.385632216    5.637997880
    0.104719755   -0.104719755   37.372511612  -16.371101156    4.423626857
    0.209439510   -0.104719755   35.031597272  -27.993802393    3.358592252
    0.314159265   -0.104719755   31.601966461  -36.968954801    2.551256454
    0.418879020   -0.104719755   27.417092848  -42.224383157    2.241401698
    0.523598776   -0.104719755   22.920539279  -42.865797580    2.746382056
    0.628318531   -0.104719755   18.596483411  -38.951817810    3.933356630
    0.733038286   -0.104719755   14.909861889  -30.895520833    5.721597421
    0.837758041   -0.104719755   12.237883407  -19.625680901    7.902579072
    0.942477796   -0.104719755   10.882288799   -5.900717975   10.254430866
    1.047197551   -0.104719755   11.067261123    9.630709236   12.657460124
    1.151917306   -0.104719755   12.929827679   25.979661978   14.921879104
    1.256637061   -0.104719755   16.487967175   41.721233944   16.591884371
    1.361356817   -0.104719755   21.587445133   55.105885678   17.506207171
    1.466076572   -0.104719755   27.895988226   64.583457598   17.745444160
    1.570796327   -0.104719755   34.944249522   69.184902348   17.481214125
    1.675516082   -0.104719755   42.213808353   68.844623004   17.109486956
    1.780235837   -0.104719755   49.209916266   64.102020100   16.886410833
    1.884955592   -0.104719755   55.502191052   55.561579200   16.890338430
    1.989675347   -0.104719755   60.749472462   44.275200880   17.131121336
    2.094395102   -0.104719755   64.719753120   31.323957074   17.437760789
    2.199114858   -0.104719755   67.289742102   17.729438940   17.967241926
    2.303834613   -0.104719755   68.434342933    4.231237751   18.678973860
    2.408554368   -0.104719755   68.209711988   -8.338207397   19.522630320
    2.513274123   -0.104719755   66.723061205  -19.909548381   20.505148493
    2.617993878   -0.104719755   64.096260446  -30.028239816   21.210065549
    2.722713633   -0.104719755   60.484552125  -38.651789227   21.097511020
    2.827433388   -0.104719755   56.076662120  -45.198699105   19.809163371
    2.932153143   -0.104719755   51.106743375  -49.262807905   17.214465544
    3.036872898   -0.104719755   45.844707926  -50.715355415   13.467165499

   -3.141592654    0.000000000   41.360272280  -53.907141341    5.381187122
   -3.036872898    0.000000000   35.932964769  -49.200448387    0.529235360
   -2.932153143    0.000000000   31.151296374  -41.783315811   -3.674372786
   -2.827433388    0.000000000   27.230135124  -33.003802428   -6.994211085
   -2.722713633    0.000000000   24.233564308  -24.345511590   -9.273892833
   -2.617993878    0.000000000   22.067593619  -17.342723944  -10.721120842
   -2.513274123    0.000000000   20.526300386  -12.506242755  -11.508236854
   -2.408554368    0.000000000   19.365568052  -10.009481767  -11.912548671
   -2.303834613    0.000000000   18.363217731   -9.319650490  -12.032419479
   -2.199114858    0.000000000   17.381348948   -9.578587755  -12.059822589
   -2.094395102    0.000000000   16.346318808  -10.193584234  -12.114351369
   -1.989675347    0.000000000   15.242043516  -10.923907249  -12.012137196
   -1.884955592    0.000000000   14.065229648  -11.539560997  -11.910404430
   -1.780235837    0.000000000   12.824012232  -12.203140718  -11.830400498
   -1.675516082    0.000000000   11.515190847  -12.807016727  -11.850533778
   -1.570796327    0.000000000   10.173168246  -12.651696102  -11.911147635
   -1.466076572    0.000000000    8.927319913  -10.787187109  -12.088977798
   -1.361356817    0.000000000    7.998895484   -6.558315729  -12.224255630
   -1.256637061    0.000000000    7.639591810    0.080310909  -11.963205594
   -1.151917306    0.000000000    8.071053378    8.359449041  -10.907816210
   -1.047197551    0.000000000    9.414976242   17.286125001   -8.909506434
   -0.942477796    0.000000000   11.673686902   25.710754562   -5.998688713
   -0.837758041    0.000000000   14.744547118   32.743576867   -2.280849687
   -0.733038286    0.000000000   18.463379460   37.955659903    1.596926476
   -0.628318531    0.000000000   22.616289213   40.899524559    4.989779157
   -0.523598776    0.000000000   26.920565613   40.774819477    7.536889246
   -0.418879020    0.000000000   31.038355410   37.266190834    8.890131156
   -0.314159265    0.000000000   34.606081735   30.296573823    9.150128660
   -0.209439510    0.000000000   37.286158690   20.475401873    8.504420438
   -0.104719755    0.000000000   38.819872718    8.510369028    7.396169302
    0.000000000    0.000000000   39.024542577   -4.639798643    6.019638741
    0.104719755    0.000000000   37.852701434  -17.551875056    4.793962621
    0.209439510    0.000000000   35.400701129  -28.906143591    3.773938226
    0.314159265    0.000000000   31.900944456  -37.357191034    3.251526330
    0.418879020    0.000000000   27.712818674  -41.857090044    3.520904814
    0.523598776    0.000000000   23.293110342  -41.750610260    4.409137361
    0.628318531    0.000000000   19.122013615  -37.243767490    6.067091474
    0.733038286    0.000000000   15.634220094  -28.832897080    8.070040081
    0.837758041    0.000000000   13.193964675  -17.360078666   10.316389338
    0.942477796    0.000000000   12.083281426   -3.578992711   12.560390573
    1.047197551    0.000000000   12.506267021   11.857813391   14.702868101
    1.151917306    0.000000000   14.585034868   27.808735050   16.632869597
    1.256637061    0.000000000   18.305240643   42.977485209   18.034471717
    1.361356817    0.000000000   23.496805131   55.654300369   18.971035209
    1.466076572    0.000000000   29.836660696   64.659499112   19.411059167
    1.570796327    0.000000000   36.881970654   69.070673989   19.580323941
    1.675516082    0.000000000   44.138707846   68.752494345   19.682756063
    1.780235837    0.000000000   51.130663932   64.073803912   19.818613285
    1.884955592    0.000000000   57.431702380   55.673269328   19.899910089
    1.989675347    0.000000000   62.692901102   44.404830063   19.831821354
    2.094395102    0.000000000   66.678089577   31.535635531   19.734886768
    2.199114858    0.000000000   69.273664499   18.008516753   19.648761517
    2.303834613    0.000000000   70.464122983    4.836426437   19.757676469
    2.408554368    0.000000000   70.309497964   -7.616390114   20.149889850
    2.513274123    0.000000000   68.899789129  -19.244415924   20.622445116
    2.617993878    0.000000000   66.315627598  -29.992866887   20.704808120
    2.722713633    0.000000000   62.661748634  -39.606265365   19.965816069
    2.827433388    0.000000000   58.081455794  -47.520154447   18.027350696
    2.932153143    0.000000000   52.798093342  -52.941779965   14.681938206
    3.036872898    0.000000000   47.104754683  -55.206012984   10.270956111

   -3.141592654    0.104719755   41.691778248  -58.849450855    0.940207655
   -3.036872898    0.104719755   35.773937849  -53.592390741   -3.438002023
   -2.932153143    0.104719755   30.580722108  -45.183891907   -6.952434178
   -2.827433388    0.104719755   26.358412721  -35.343291843   -9.402887745
   -2.722713633    0.104719755   23.173774894  -25.734711926  -10.630836565
   -2.617993878    0.104719755   20.909697456  -17.881492943  -11.069139956
   -2.513274123    0.104719755   19.338685274  -12.585602383  -10.933740396
   -2.408554368    0.104719755   18.181522923   -9.867529335  -10.502314151
   -2.303834613    0.104719755   17.201913365   -9.043435925   -9.990577332
   -2.199114858    0.104719755   16.238200401   -9.400269714   -9.645304523
   -2.094395102    0.104719755   15.221201188  -10.063803233   -9.424136267
   -1.989675347    0.104719755   14.126071238  -10.880343903   -9.302166508
   -1.884955592    0.104719755   12.949432719  -11.633485902   -9.496556034
   -1.780235837    0.104719755   11.689157194  -12.400943058   -9.845895071
   -1.675516082    0.104719755   10.354710577  -13.107860370  -10.392583396
   -1.570796327    0.104719755    8.974033839  -13.037570164  -11.010744078
   -1.466076572    0.104719755    7.690910989  -11.078415899  -11.495095009
   -1.361356817    0.104719755    6.745678243   -6.544605525  -11.651577526
   -1.256637061    0.104719755    6.420070179    0.733881980  -11.245786555
   -1.151917306    0.104719755    6.972287550   10.017812143   -9.951954639
   -1.047197551    0.104719755    8.536758033   19.899387043   -7.733252992
   -0.942477796    0.104719755   11.120584005   29.182725713   -4.500706336
   -0.837758041    0.104719755   14.588286612   36.710588213   -0.710932559
   -0.733038286    0.104719755   18.720271080   41.739079011    3.174651259
   -0.628318531    0.104719755   23.227265385   43.802425834    6.475662835
   -0.523598776    0.104719755   27.778918459   42.551839796    8.653264088
   -0.418879020    0.104719755   32.018823150   37.777928935    9.612140675
   -0.314159265    0.104719755   35.590526957   29.927473126    9.479868089
   -0.209439510    0.104719755   38.195507349   19.472554939    8.692850464
   -0.104719755    0.104719755   39.597330658    7.126332470    7.316509809
    0.000000000    0.104719755   39.662308246   -5.996304639    6.058971128
    0.104719755    0.104719755   38.366596753  -18.592985580    5.034056090
    0.209439510    0.104719755   35.830686617  -29.479003549    4.370401940
    0.314159265    0.104719755   32.301360491  -37.321053102    4.362805428
    0.418879020    0.104719755   28.158476558  -41.072713184    5.018837097
    0.523598776    0.104719755   23.855720775  -40.311974624    6.291071418
    0.628318531    0.104719755   19.862318312  -35.324041490    8.060856920
    0.733038286    0.104719755   16.588328424  -26.684669626   10.014991691
    0.837758041    0.104719755   14.376283238  -15.159926976   12.157283356
    0.942477796    0.104719755   13.489829098   -1.425341367   14.212958165
    1.047197551    0.104719755   14.127274329   13.811235298   16.184538651
    1.151917306    0.104719755   16.394985864   29.444030441   17.873721115
    1.256637061    0.104719755   20.263692093   44.165332561   19.364320839
    1.361356817    0.104719755   25.561242929   56.491100962   20.467452915
    1.466076572    0.104719755   31.966929478   65.162181158   21.323365525
    1.570796327    0.104719755   39.055035944   69.430089917   21.930624581
    1.675516082    0.104719755   46.340609485   68.985526753   22.316319474
    1.780235837    0.104719755   53.346043321   64.135332699   22.410681644
    1.884955592    0.104719755   59.636454245   55.484597974   22.100413064
    1.989675347    0.104719755   64.864068706   43.961133960   21.395118481
    2.094395102    0.104719755   68.796133873   30.981350690   20.436997203
    2.199114858    0.104719755   71.339168937   17.574085030   19.465387345
    2.303834613    0.104719755   72.498497375    4.725104652   18.794106679
    2.408554368    0.104719755   72.349392865   -7.455372190   18.467808495
    2.513274123    0.104719755   70.954108912  -19.168939768   18.245936249
    2.617993878    0.104719755   68.345349663  -30.553122398   17.712469480
    2.722713633    0.104719755   64.581673687  -41.173850314   16.389541324
    2.827433388    0.104719755   59.772044688  -50.400811433   13.939913579
    2.932153143    0.104719755   54.118362171  -57.018796827   10.311420054
    3.036872898    0.104719755   47.952834053  -60.036845961    5.791003268

   -3.141592654    0.209439510   41.585519182  -63.115100080   -2.783239520
   -3.036872898    0.209439510   35.255191276  -57.102689201   -6.202605339
   -2.932153143    0.209439510   29.749699824  -47.591620481   -8.507425835
   -2.827433388    0.209439510   25.342199178  -36.514233516   -9.625063516
   -2.722713633    0.209439510   22.081970029  -25.977287261   -9.836627729
   -2.617993878    0.209439510   19.824436759  -17.587506160   -9.323363789
   -2.513274123    0.209439510   18.302608141  -12.022885976   -8.592586195
   -2.408554368    0.209439510   17.208138865   -9.246620158   -7.884249464
   -2.303834613    0.209439510   16.292128426   -8.531121532   -7.273719760
   -2.199114858    0.209439510   15.375547096   -9.085821824   -6.878937846
   -2.094395102    0.209439510   14.379657102  -10.001475881   -6.701244486
   -1.989675347    0.209439510   13.279422192  -11.065981584   -6.914996085
   -1.884955592    0.209439510   12.068461348  -12.118504037   -7.387014530
   -1.780235837    0.209439510   10.744439247  -13.160611340   -8.240041772
   -1.675516082    0.209439510    9.322632899  -13.971233777   -9.376568991
   -1.570796327    0.209439510    7.857711790  -13.779098411  -10.331465609
   -1.466076572    0.209439510    6.517001627  -11.444872971  -10.930450973
   -1.361356817    0.209439510    5.558538623   -6.324273577  -10.951622255
   -1.256637061    0.209439510    5.297734471    1.774880645  -10.158419769
   -1.151917306    0.209439510    6.005228502   11.961510915   -8.410786200
   -1.047197551    0.209439510    7.823779922   22.792651568   -5.818765844
   -0.942477796    0.209439510   10.743695112   32.687076575   -2.675340560
   -0.837758041    0.209439510   14.594908011   40.461443448    0.806735758
   -0.733038286    0.209439510   19.106929792   45.147469757    4.107056039
   -0.628318531    0.209439510   23.929322355   46.328056549    6.724609361
   -0.523598776    0.209439510   28.683358761   43.850781053    8.370464961
   -0.418879020    0.209439510   32.999539395   37.975498433    8.879281638
   -0.314159265    0.209439510   36.544570748   29.291246009    8.471377623
   -0.209439510    0.209439510   39.052388399   18.296943600    7.457115553
   -0.104719755    0.209439510   40.325940535    5.958856254    6.411912577
    0.000000000    0.209439510   40.271631229   -6.978804929    5.399295211
    0.104719755    0.209439510   38.887391113  -19.235576999    4.786972245
    0.209439510    0.209439510   36.311482055  -29.605705532    4.673551829
    0.314159265    0.209439510   32.803300208  -36.809730175    5.099246430
    0.418879020    0.209439510   28.745794197  -39.929539733    6.098403984
    0.523598776    0.209439510   24.589913508  -38.708263878    7.529086674
    0.628318531    0.209439510   20.779222361  -33.432728269    9.312646850
    0.733038286    0.209439510   17.711126462  -24.663166998   11.264347679
    0.837758041    0.209439510   15.711588800  -13.118234213   13.281882630
    0.942477796    0.209439510   15.040571634    0.562557460   15.372887291
    1.047197551    0.209439510   15.881391284   15.680671697   17.363500100
    1.151917306    0.209439510   18.335879636   31.159544590   19.235119769
    1.256637061    0.209439510   22.371729653   45.640754349   20.940289879
    1.361356817    0.209439510   27.802766172   57.598506120   22.426178645
    1.466076572    0.209439510   34.315004590   66.048489748   23.567718138
    1.570796327    0.209439510   41.479244825   69.984487899   24.374565368
    1.675516082    0.209439510   48.802607446   69.152519987   24.646420540
    1.780235837    0.209439510   55.798356546   63.755489284   24.248080018
    1.884955592    0.209439510   62.018820369   54.533304476   23.173983394
    1.989675347    0.209439510   67.121032702   42.585025457   21.448793530
    2.094395102    0.209439510   70.897469343   29.454232050   19.438064726
    2.199114858    0.209439510   73.291558525   16.330882019   17.580899949
    2.303834613    0.209439510   74.342195443    3.877476849   16.202123857
    2.408554368    0.209439510   74.121219385   -8.035079313   15.146667231
    2.513274123    0.209439510   72.666323345  -19.791908712   14.290965766
    2.617993878    0.209439510   69.973059698  -31.652548982   13.224670458
    2.722713633    0.209439510   66.047771013  -43.231322426   11.498570436
    2.827433388    0.209439510   60.966659090  -53.526984276    8.836837597
    2.932153143    0.209439510   54.933390635  -61.113067959    5.294049159
    3.036872898    0.209439510   48.313643646  -64.536369859    1.248534865

   -3.141592654    0.314159265   41.168904588  -66.303072116   -4.862914114
   -3.036872898    0.314159265   34.553835644  -59.283133631   -6.882569476
   -2.932153143    0.314159265   28.881364182  -48.631031914   -7.798606736
   -2.827433388    0.314159265   24.415329291  -36.626522079   -7.817530295
   -2.722713633    0.314159265   21.180109755  -25.435359088   -7.201033703
   -2.617993878    0.314159265   19.001177567  -16.753323048   -6.241068670
   -2.513274123    0.314159265   17.564513758  -11.242710919   -5.441152493
   -2.408554368    0.314159265   16.543359869   -8.650113680   -4.806204100
   -2.303834613    0.314159265   15.678525255   -8.127640056   -4.438344683
   -2.199114858    0.314159265   14.794241684   -8.840220966   -4.282195352
   -2.094395102    0.314159265   13.807969690  -10.104352954   -4.374474334
   -1.989675347    0.314159265   12.673517892  -11.594198782   -4.822796244
   -1.884955592    0.314159265   11.383047017  -13.062807793   -5.781675846
   -1.780235837    0.314159265    9.942881342  -14.400820750   -7.193839779
   -1.675516082    0.314159265    8.382256904  -15.268086385   -8.705167694
   -1.570796327    0.314159265    6.799006851  -14.637708562   -9.908320770
   -1.466076572    0.314159265    5.398726854  -11.678112150  -10.461230738
   -1.361356817    0.314159265    4.461130521   -5.715331879  -10.032278127
   -1.256637061    0.314159265    4.311004913    3.245358255   -8.721274999
   -1.151917306    0.314159265    5.217243063   14.239026403   -6.630477400
   -1.047197551    0.314159265    7.310839725   25.669457564   -3.956539258
   -0.942477796    0.314159265   10.549680184   35.847000595   -1.029845252
   -0.837758041    0.314159265   14.733154799   43.528217992    1.765199339
   -0.733038286    0.314159265   19.543982539   47.703099550    4.082722636
   -0.628318531    0.314159265   24.591632522   48.038000283    5.731195223
   -0.523598776    0.314159265   29.476307266   44.678255139    6.629815145
   -0.418879020    0.314159265   33.823720367   37.822576077    6.707855641
   -0.314159265    0.314159265   37.315201733   28.521987582    6.120492128
   -0.209439510    0.314159265   39.729930664   17.320011382    5.361889606
   -0.104719755    0.314159265   40.906955662    5.032620390    4.540324028
    0.000000000    0.314159265   40.771851246   -7.593106770    4.040606175
    0.104719755    0.314159265   39.345820635  -19.393311735    3.844928318
    0.209439510    0.314159265   36.778398995  -29.242102190    4.077308478
    0.314159265    0.314159265   33.330207339  -35.949801680    4.864542252
    0.418879020    0.314159265   29.394445460  -38.492436642    6.181312627
    0.523598776    0.314159265   25.406028489  -36.971230307    7.890600282
    0.628318531    0.314159265   21.791212700  -31.439865124    9.944703817
    0.733038286    0.314159265   18.935493609  -22.562306954   12.080457891
    0.837758041    0.314159265   17.159154975  -10.939224506   14.396996850
    0.942477796    0.314159265   16.715930735    2.749839894   16.721734375
    1.047197551    0.314159265   17.780625225   17.727726470   18.979152539
    1.151917306    0.314159265   20.444237563   33.076060446   21.127510971
    1.256637061    0.314159265   24.669095120   47.326100482   23.068400004
    1.361356817    0.314159265   30.270094187   59.075209680   24.746696652
    1.466076572    0.314159265   36.911235160   67.039306960   26.033983883
    1.570796327    0.314159265   44.149124759   70.406223596   26.582887155
    1.675516082    0.314159265   51.478489602   68.782001470   26.293515071
    1.780235837    0.314159265   58.389199889   62.497480851   24.984002377
    1.884955592    0.314159265   64.438572424   52.520468062   22.857699622
    1.989675347    0.314159265   69.305361212   40.189537647   20.137463372
    2.094395102    0.314159265   72.825993637   27.070316345   17.250527099
    2.199114858    0.314159265   74.988068744   14.349563761   14.705959904
    2.303834613    0.314159265   75.858377344    2.408870031   12.669226287
    2.408554368    0.314159265   75.502392870   -9.183672833   11.187034713
    2.513274123    0.314159265   73.931395372  -20.891869057    9.902832443
    2.617993878    0.314159265   71.107891037  -33.124050970    8.508570075
    2.722713633    0.314159265   66.995208540  -45.361714070    6.653085134
    2.827433388    0.314159265   61.637794290  -56.538088395    4.155793950
    2.932153143    0.314159265   55.259594861  -64.647496000    1.166312434
    3.036872898    0.314159265   48.258322826  -68.179867304   -2.049202262

   -3.141592654    0.418879020   40.623209631  -68.100282591   -5.269603530
   -3.036872898    0.418879020   33.867730661  -60.129391501   -6.022404747
   -2.932153143    0.418879020   28.154719221  -48.577687283   -5.908720167
   -2.827433388    0.418879020   23.735296632  -35.863009580   -5.092319427
   -2.722713633    0.418879020   20.593838486  -24.453499407   -4.026656530
   -2.617993878    0.418879020   18.511637411  -15.862788873   -3.162053347
   -2.513274123    0.418879020   17.154737841  -10.630497559   -2.498678551
   -2.408554368    0.418879020   16.179832817   -8.354320041   -2.293049373
   -2.303834613    0.418879020   15.334353387   -8.054492488   -2.240780369
   -2.199114858    0.418879020   14.452653457   -8.915007879   -2.358838097
   -2.094395102    0.418879020   13.440901253  -10.496226014   -2.752999026
   -1.989675347    0.418879020   12.241121433  -12.443445162   -3.543682829
   -1.884955592    0.418879020   10.832890028  -14.436575887   -4.790062406
   -1.780235837    0.418879020    9.224564827  -16.181669729   -6.620275203
   -1.675516082    0.418879020    7.483858181  -16.837396168   -8.453579195
   -1.570796327    0.418879020    5.766635194  -15.548502599   -9.794677354
   -1.466076572    0.418879020    4.319363514  -11.561880621  -10.189277133
   -1.361356817    0.418879020    3.449356607   -4.560259954   -9.338620125
   -1.256637061    0.418879020    3.465996366    5.240227274   -7.568040940
   -1.151917306    0.418879020    4.609943263   16.785508211   -5.096753883
   -1.047197551    0.418879020    6.982465195   28.381378597   -2.465249029
   -0.942477796    0.418879020   10.501642527   38.440975225   -0.061274766
   -0.837758041    0.418879020   14.934519114   45.656880240    1.953057384
   -0.733038286    0.418879020   19.938845249   49.254361965    3.311576453
   -0.628318531    0.418879020   25.109035773   48.893729605    4.058228893
   -0.523598776    0.418879020   30.043874204   44.752989849    4.201923435
   -0.418879020    0.418879020   34.377027872   37.528578913    3.978536936
   -0.314159265    0.418879020   37.819953269   27.963191776    3.600970490
   -0.209439510    0.418879020   40.170246494   16.685243289    3.120143542
   -0.104719755    0.418879020   41.281500317    4.509329911    2.612870683
    0.000000000    0.418879020   41.106311749   -7.821912670    2.339336731
    0.104719755    0.418879020   39.674927609  -19.219910984    2.440288414
    0.209439510    0.418879020   37.145970941  -28.601570120    2.921198858
    0.314159265    0.418879020   33.800708169  -34.729802980    4.021413723
    0.418879020    0.418879020   30.016592482  -36.873827166    5.712504300
    0.523598776    0.418879020   26.226122483  -34.840066400    7.849303646
    0.628318531    0.418879020   22.848888621  -29.073442865   10.275773876
    0.733038286    0.418879020   20.248108145  -20.068099975   13.051004014
    0.837758041    0.418879020   18.739186010   -8.359416412   15.915427723
    0.942477796    0.418879020   18.563236773    5.279548342   18.703450038
    1.047197551    0.418879020   19.887499476   20.103424724   21.393817832
    1.151917306    0.418879020   22.789456377   35.221642925   23.781190873
    1.256637061    0.418879020   27.225418676   49.182592850   25.826467240
    1.361356817    0.418879020   32.999172271   60.516958664   27.327722112
    1.466076572    0.418879020   39.755441686   67.843783991   28.284261041
    1.570796327    0.418879020   47.030319187   70.213547087   28.297195454
    1.675516082    0.418879020   54.285532978   67.465419492   27.196149884
    1.780235837    0.418879020   61.006052483   60.162053647   24.828248390
    1.884955592    0.418879020   66.769399348   49.458282891   21.579623835
    1.989675347    0.418879020   71.298717285   36.913751370   17.881422928
    2.094395102    0.418879020   74.488018334   24.025983239   14.440798228
    2.199114858    0.418879020   76.356849006   11.862654765   11.488280060
    2.303834613    0.418879020   77.000644704    0.501557042    9.166260123
    2.408554368    0.418879020   76.469394449  -10.663171451    7.377114216
    2.513274123    0.418879020   74.753742267  -22.217425944    5.932946521
    2.617993878    0.418879020   71.778103067  -34.685715499    4.477648993
    2.722713633    0.418879020   67.471830068  -47.501709698    2.692792817
    2.827433388    0.418879020   61.876885898  -59.010092909    0.638907097
    2.932153143    0.418879020   55.223329386  -67.402310245   -1.617047948
    3.036872898    0.418879020   47.944236405  -70.679408633   -3.706143840

   -3.141592654    0.523598776   40.111052653  -68.712413642   -4.349889557
   -3.036872898    0.523598776   33.332815504  -59.984333188   -4.132084823
   -2.932153143    0.523598776   27.669498345  -47.826478366   -3.382133334
   -2.827433388    0.523598776   23.345572073  -34.875107450   -2.421559374
   -2.722713633    0.523598776   20.308797856  -23.543066155   -1.550808308
   -2.617993878    0.523598776   18.306615831  -15.288082539   -0.945790713
   -2.513274123    0.523598776   16.988005062  -10.412596020   -0.800767460
   -2.408554368    0.523598776   16.024617917   -8.361734031   -0.837424906
   -2.303834613    0.523598776   15.170635694   -8.181771635   -1.037435998
   -2.199114858    0.523598776   14.264907512   -9.267829724   -1.335814900
   -2.094395102    0.523598776   13.203669171  -11.122135317   -1.868282464
   -1.989675347    0.523598776   11.912098624  -13.573897167   -2.806429041
   -1.884955592    0.523598776   10.356310363  -16.105626868   -4.348064511
   -1.780235837    0.523598776    8.552497663  -18.165378976   -6.273999890
   -1.675516082    0.523598776    6.608974596  -18.599962966   -8.225926750
   -1.570796327    0.523598776    4.750087313  -16.453914536   -9.624887185
   -1.466076572    0.523598776    3.269054133  -11.276058032   -9.879715829
   -1.361356817    0.523598776    2.495433812   -3.037196377   -8.906417767
   -1.256637061    0.523598776    2.715967915    7.590295983   -6.840071548
   -1.151917306    0.523598776    4.126443231   19.443140120   -4.228566485
   -1.047197551    0.523598776    6.768142240   30.792936412   -1.724894889
   -0.942477796    0.523598776   10.516731548   40.365819006    0.254559348
   -0.837758041    0.523598776   15.119306515   46.988174350    1.592426871
   -0.733038286    0.523598776   20.228788885   49.957034798    2.234885882
   -0.628318531    0.523598776   25.443672909   49.006865550    2.409072410
   -0.523598776    0.523598776   30.374340336   44.612921164    2.251788079
   -0.418879020    0.523598776   34.681111828   37.216987097    2.007861083
   -0.314159265    0.523598776   38.090376036   27.573010004    1.810310895
   -0.209439510    0.523598776   40.401684300   16.340021133    1.581246895
   -0.104719755    0.523598776   41.483435304    4.280941238    1.440909136
    0.000000000    0.523598776   41.288369867   -7.933660955    1.297271334
    0.104719755    0.523598776   39.868910840  -18.901676464    1.395524125
    0.209439510    0.523598776   37.402059103  -27.746011527    2.091532300
    0.314159265    0.523598776   34.181290039  -33.168322941    3.358703349
    0.418879020    0.523598776   30.589292759  -34.714267393    5.345184736
    0.523598776    0.523598776   27.054364777  -32.214220559    8.043973015
    0.628318531    0.523598776   23.969140039  -26.096385208   11.259613597
    0.733038286    0.523598776   21.692735114  -16.883914492   14.682654915
    0.837758041    0.523598776   20.518189457   -5.202766121   18.148188312
    0.942477796    0.523598776   20.661152761    8.226426333   21.468814329
    1.047197551    0.523598776   22.280431623   22.796960653   24.378714727
    1.151917306    0.523598776   25.436152903   37.403085498   26.788015419
    1.256637061    0.523598776   30.074659106   50.834682727   28.551972951
    1.361356817    0.523598776   35.988509875   61.538653655   29.656696309
    1.466076572    0.523598776   42.812957582   67.960614457   29.916627197
    1.570796327    0.523598776   50.044860799   69.236660717   29.054263197
    1.675516082    0.523598776   57.128662794   65.243289496   26.922800647
    1.780235837    0.523598776   63.555402001   56.821528455   23.704077635
    1.884955592    0.523598776   68.933250173   45.513454830   19.674415804
    1.989675347    0.523598776   73.044434395   32.965688856   15.424737659
    2.094395102    0.523598776   75.845209705   20.663999956   11.565132246
    2.199114858    0.523598776   77.399884167    9.211277740    8.506666243
    2.303834613    0.523598776   77.796254447   -1.499558827    6.169118852
    2.408554368    0.523598776   77.079229700  -12.244420346    4.381763073
    2.513274123    0.523598776   75.208641762  -23.663714390    2.904822074
    2.617993878    0.523598776   72.082382704  -36.278139023    1.495420684
    2.722713633    0.523598776   67.600150578  -49.222034601   -0.027496157
    2.827433388    0.523598776   61.816537315  -60.884631025   -1.579082547
    2.932153143    0.523598776   54.971153322  -69.096994724   -2.952096177
    3.036872898    0.523598776   47.530678574  -71.968795540   -3.947384768

   -3.141592654    0.628318531   39.730764428  -68.392905448   -2.849904585
   -3.036872898    0.628318531   33.006130260  -59.286169128   -2.134940782
   -2.932153143    0.628318531   27.430612695  -46.900889368   -1.229906376
   -2.827433388    0.628318531   23.201325857  -34.042180654   -0.488128538
   -2.722713633    0.628318531   20.238544570  -23.001583538    0.066705113
   -2.617993878    0.628318531   18.273790536  -15.119163017    0.185181501
   -2.513274123    0.628318531   16.956487500  -10.526483845    0.056768216
   -2.408554368    0.628318531   15.973101750   -8.643711032   -0.236997460
   -2.303834613    0.628318531   15.087262789   -8.535242383   -0.625189403
   -2.199114858    0.628318531   14.143656668   -9.664876577   -1.045825206
   -2.094395102    0.628318531   13.022514857  -11.830864046   -1.668387689
   -1.989675347    0.628318531   11.632522551  -14.828633226   -2.571601198
   -1.884955592    0.628318531    9.916978067  -17.859091838   -4.034709315
   -1.780235837    0.628318531    7.914058755  -20.181749655   -5.925845307
   -1.675516082    0.628318531    5.766168380  -20.351275869   -7.766046288
   -1.570796327    0.628318531    3.765830844  -17.313523827   -9.069445915
   -1.466076572    0.628318531    2.259749412  -10.876319327   -9.246229389
   -1.361356817    0.628318531    1.590105300   -1.468508147   -8.259767039
   -1.256637061    0.628318531    2.024926830    9.991470857   -6.287364643
   -1.151917306    0.628318531    3.701643685   21.977922738   -3.919775410
   -1.047197551    0.628318531    6.595148277   32.978591668   -1.650428098
   -0.942477796    0.628318531   10.535443681   41.887883365    0.050212962
   -0.837758041    0.628318531   15.258133670   47.743990493    1.015672320
   -0.733038286    0.628318531   20.419575723   50.217437808    1.440437904
   -0.628318531    0.628318531   25.639864124   48.970307515    1.431901680
   -0.523598776    0.628318531   30.556687152   44.426933752    1.384721441
   -0.418879020    0.628318531   34.845333403   37.076302874    1.322162176
   -0.314159265    0.628318531   38.243453616   27.507059255    1.321205401
   -0.209439510    0.628318531   40.543362954   16.244205536    1.300791823
   -0.104719755    0.628318531   41.612750003    4.123711327    1.131079354
    0.000000000    0.628318531   41.402293109   -7.949414112    1.028412030
    0.104719755    0.628318531   39.998340366  -18.553270248    1.149205344
    0.209439510    0.628318531   37.606153704  -26.616982590    1.946164040
    0.314159265    0.628318531   34.537927612  -31.352010031    3.641237072
    0.418879020    0.628318531   31.182258451  -32.031240466    6.184118976
    0.523598776    0.628318531   27.960201968  -28.910396494    9.534772650
    0.628318531    0.628318531   25.243977552  -22.441800676   13.290627904
    0.733038286    0.628318531   23.358709086  -13.125394531   17.259136187
    0.837758041    0.628318531   22.566711017   -1.643956744   21.121123818
    0.942477796    0.628318531   23.069878230   11.444341040   24.576904632
    1.047197551    0.628318531   24.995281617   25.401483024   27.424535838
    1.151917306    0.628318531   28.389898816   39.346895984   29.514520303
    1.256637061    0.628318531   33.190029110   51.963412965   30.764882649
    1.361356817    0.628318531   39.181060976   61.830168196   31.126109985
    1.466076572    0.628318531   45.982112996   67.232244977   30.407699137
    1.570796327    0.628318531   53.073737890   67.275384323   28.571722771
    1.675516082    0.628318531   59.888988550   62.101080846   25.592430466
    1.780235837    0.628318531   65.938330127   52.849575194   21.673715814
    1.884955592    0.628318531   70.868690252   41.089813250   17.220317278
    1.989675347    0.628318531   74.524726137   28.823134115   12.832683503
    2.094395102    0.628318531   76.923037569   17.212845755    9.064265958
    2.199114858    0.628318531   78.160365398    6.560164142    6.096751800
    2.303834613    0.628318531   78.317062900   -3.506050868    3.857495008
    2.408554368    0.628318531   77.417769543  -13.794924217    2.193487028
    2.513274123    0.628318531   75.394015130  -25.048274796    0.765555363
    2.617993878    0.628318531   72.121070086  -37.637952939   -0.586990635
    2.722713633    0.628318531   67.497058552  -50.587961232   -1.818773480
    2.827433388    0.628318531   61.580242105  -61.975577358   -2.795437872
    2.932153143    0.628318531   54.637438648  -69.850799642   -3.300358226
    3.036872898    0.628318531   47.145895573  -72.242323035   -3.335033803

   -3.141592654    0.733038286   39.502678592  -67.522028463   -1.587988067
   -3.036872898    0.733038286   32.873451624  -58.357580543   -0.471108011
   -2.932153143    0.733038286   27.387058403  -46.133899061    0.358430176
   -2.827433388    0.733038286   23.220386000  -33.588159476    0.766626625
   -2.722713633    0.733038286   20.288041636  -22.859416718    0.834558842
   -2.617993878    0.733038286   18.321307526  -15.243383632    0.636828761
   -2.513274123    0.733038286   16.979846324  -10.850787590    0.377497297
   -2.408554368    0.733038286   15.960984808   -8.990211007   -0.012318758
   -2.303834613    0.733038286   15.035329703   -8.917816444   -0.408328016
   -2.199114858    0.733038286   14.043527171  -10.230060957   -0.854772283
   -2.094395102    0.733038286   12.857565973  -12.574783336   -1.523829207
   -1.989675347    0.733038286   11.372136588  -15.896993924   -2.358784005
   -1.884955592    0.733038286    9.517468543  -19.467198623   -3.569988120
   -1.780235837    0.733038286    7.336482015  -21.919915633   -5.022667753
   -1.675516082    0.733038286    5.020265080  -21.815035777   -6.344054717
   -1.570796327    0.733038286    2.900304749  -18.046700201   -7.294000399
   -1.466076572    0.733038286    1.373474572  -10.548970211   -7.455601110
   -1.361356817    0.733038286    0.800245953   -0.036370316   -6.677822508
   -1.256637061    0.733038286    1.419619053   12.028866761   -5.109200360
   -1.151917306    0.733038286    3.317985238   24.114879362   -3.248141963
   -1.047197551    0.733038286    6.425489240   34.879706927   -1.498447607
   -0.942477796    0.733038286   10.530494234   43.098124054   -0.149826064
   -0.837758041    0.733038286   15.348313924   48.388473108    0.696604637
   -0.733038286    0.733038286   20.547508088   50.322929782    1.047963441
   -0.628318531    0.733038286   25.771848899   48.938607370    1.148729491
   -0.523598776    0.733038286   30.687057074   44.413181471    1.243179444
   -0.418879020    0.733038286   34.981825755   37.156195864    1.287841892
   -0.314159265    0.733038286   38.387653889   27.539547734    1.387979290
   -0.209439510    0.733038286   40.685464071   16.133837848    1.382891388
   -0.104719755    0.733038286   41.738424714    3.930738532    1.212568894
    0.000000000    0.733038286   41.516795474   -7.977582937    1.128170590
    0.104719755    0.733038286   40.133023310  -18.051364453    1.485820727
    0.209439510    0.733038286   37.840642911  -25.168112954    2.678167960
    0.314159265    0.733038286   34.978393737  -28.890799375    4.949545689
    0.418879020    0.733038286   31.928564142  -28.716124914    8.209119208
    0.523598776    0.733038286   29.089547706  -24.997668174   12.152031283
    0.628318531    0.733038286   26.793496469  -18.367497923   16.359137421
    0.733038286    0.733038286   25.332420017   -9.142316702   20.413178932
    0.837758041    0.733038286   24.943983181    2.017620148   24.257434571
    0.942477796    0.733038286   25.798770275   14.513313567   27.454164810
    1.047197551    0.733038286   28.005309127   27.648010601   29.941062630
    1.151917306    0.733038286   31.589927839   40.706632968   31.413849690
    1.256637061    0.733038286   36.482488200   52.379495189   31.930908716
    1.361356817    0.733038286   42.458812066   61.150059488   31.301077713
    1.466076572    0.733038286   49.131596916   65.470494532   29.509347381
    1.570796327    0.733038286   55.980406433   64.432610537   26.737539562
    1.675516082    0.733038286   62.445548412   58.325950097   23.014460173
    1.780235837    0.733038286   68.061960305   48.473545872   18.748662536
    1.884955592    0.733038286   72.521660827   36.621710465   14.270325958
    1.989675347    0.733038286   75.730241979   24.812152864   10.203606880
    2.094395102    0.733038286   77.747419998   13.940046697    6.734991028
    2.199114858    0.733038286   78.689147665    4.129609360    4.040544714
    2.303834613    0.733038286   78.624604186   -5.358905877    2.084286321
    2.408554368    0.733038286   77.554732272  -15.243100782    0.531429503
    2.513274123    0.733038286   75.385792358  -26.390758768   -0.867622951
    2.617993878    0.733038286   71.977942273  -38.837108451   -2.089763763
    2.722713633    0.733038286   67.244533256  -51.486386788   -2.960812873
    2.827433388    0.733038286   61.256223369  -62.434981677   -3.399643507
    2.932153143    0.733038286   54.294284441  -69.735214692   -3.223757155
    3.036872898    0.733038286   46.839543437  -71.636093136   -2.569022509

   -3.141592654    0.837758041   39.389095282  -66.202608349   -0.683657154
   -3.036872898    0.837758041   32.886338484  -57.306514784    0.615278720
   -2.932153143    0.837758041   27.483683233  -45.614921979    1.393292316
   -2.827433388    0.837758041   23.350760903  -33.466151061    1.666280922
   -2.722713633    0.837758041   20.412562388  -23.057976818    1.510934059
   -2.617993878    0.837758041   18.417386484  -15.578280022    1.214641140
   -2.513274123    0.837758041   17.037126444  -11.236931490    0.841496833
   -2.408554368    0.837758041   15.980061290   -9.347947228    0.481723439
   -2.303834613    0.837758041   15.012066644   -9.408135234    0.039287828
   -2.199114858    0.837758041   13.964482827  -10.782037356   -0.575502349
   -2.094395102    0.837758041   12.712972440  -13.328912268   -1.221593581
   -1.989675347    0.837758041   11.143329212  -16.793662383   -1.950298793
   -1.884955592    0.837758041    9.186216371  -20.531141512   -2.696658602
   -1.780235837    0.837758041    6.893283454  -22.917886405   -3.382436453
   -1.675516082    0.837758041    4.473212765  -22.701881153   -4.050683608
   -1.570796327    0.837758041    2.278966151  -18.496892912   -4.438114038
   -1.466076572    0.837758041    0.740399861  -10.273095823   -4.460156968
   -1.361356817    0.837758041    0.234224591    0.987770796   -3.942721842
   -1.256637061    0.837758041    0.989525313   13.514774066   -2.928799152
   -1.151917306    0.837758041    3.046960240   25.676740030   -1.807110919
   -1.047197551    0.837758041    6.304110850   36.137041725   -0.711435795
   -0.942477796    0.837758041   10.519468799   43.974823962    0.004092502
   -0.837758041    0.837758041   15.407739742   48.859773853    0.544577231
   -0.733038286    0.837758041   20.642099101   50.515771821    0.746251382
   -0.628318531    0.837758041   25.882297785   49.032771848    0.892531214
   -0.523598776    0.837758041   30.804551893   44.512247401    0.913563347
   -0.418879020    0.837758041   35.105945938   37.212765791    0.933062142
   -0.314159265    0.837758041   38.512772071   27.489566992    0.792921285
   -0.209439510    0.837758041   40.800161510   15.978919276    0.562101961
   -0.104719755    0.837758041   41.834967733    3.748564611    0.417656316
    0.000000000    0.837758041   41.617812856   -7.675243790    0.632435178
    0.104719755    0.837758041   40.299975232  -17.019723316    1.617737740
    0.209439510    0.837758041   38.174072343  -23.055027427    3.703294349
    0.314159265    0.837758041   35.595189598  -25.609988206    6.907608544
    0.418879020    0.837758041   32.934853928  -24.680193236   11.043911143
    0.523598776    0.837758041   30.536504799  -20.702922376   15.474772972
    0.628318531    0.837758041   28.684927098  -14.227069657   19.764879137
    0.733038286    0.837758041   27.643627925   -5.327402173   23.651822811
    0.837758041    0.837758041   27.631598677    5.294915692   26.972309460
    0.942477796    0.837758041   28.795233638   17.073836846   29.596305150
    1.047197551    0.837758041   31.223564190   29.325993334   31.287023590
    1.151917306    0.837758041   34.928229925   41.295425581   32.083428672
    1.256637061    0.837758041   39.824414476   51.842403194   31.641979768
    1.361356817    0.837758041   45.680046358   59.393129184   30.017587769
    1.466076572    0.837758041   52.113846435   62.688328534   27.296051999
    1.570796327    0.837758041   58.624755189   60.793642275   23.659770003
    1.675516082    0.837758041   64.680273853   54.144895672   19.528684425
    1.780235837    0.837758041   69.841040865   44.032979019   15.135187915
    1.884955592    0.837758041   73.848669219   32.500830883   11.046689060
    1.989675347    0.837758041   76.655367501   21.230430346    7.480781336
    2.094395102    0.837758041   78.337910710   11.145160669    4.570278318
    2.199114858    0.837758041   79.020680762    1.982090000    2.312234256
    2.303834613    0.837758041   78.763209879   -6.975877090    0.615921069
    2.408554368    0.837758041   77.535645303  -16.631199143   -0.817689383
    2.513274123    0.837758041   75.227137928  -27.693821513   -2.121899598
    2.617993878    0.837758041   71.697161295  -39.869153114   -3.234831437
    2.722713633    0.837758041   66.881962253  -52.009957703   -3.991768166
    2.827433388    0.837758041   60.867157904  -62.411288997   -4.085659453
    2.932153143    0.837758041   53.946668990  -68.986276378   -3.430638851
    3.036872898    0.837758041   46.592906003  -70.477689551   -2.204508116

   -3.141592654    0.942477796   39.319663306  -64.610978385   -0.784005721
   -3.036872898    0.942477796   32.963823646  -56.169568025    0.673961423
   -2.932153143    0.942477796   27.649236470  -45.086848901    1.578207225
   -2.827433388    0.942477796   23.541528752  -33.459610493    1.867351377
   -2.722713633    0.942477796   20.590947521  -23.259268553    1.879603053
   -2.617993878    0.942477796   18.570331010  -15.846442001    1.676113135
   -2.513274123    0.942477796   17.162346124  -11.485650271    1.504700314
   -2.408554368    0.942477796   16.071215008   -9.761477858    1.221092218
   -2.303834613    0.942477796   15.051112118   -9.993896436    0.710314050
   -2.199114858    0.942477796   13.936750359  -11.471177501    0.072225129
   -2.094395102    0.942477796   12.611134498  -14.017646261   -0.671257169
   -1.989675347    0.942477796   10.971691024  -17.397609994   -1.281827106
   -1.884955592    0.942477796    8.962304196  -20.896148228   -1.540007177
   -1.780235837    0.942477796    6.634324954  -23.256066398   -1.545203390
   -1.675516082    0.942477796    4.187320901  -22.875836866   -1.374321554
   -1.570796327    0.942477796    1.985383367  -18.433445883   -1.134749804
   -1.466076572    0.942477796    0.460377280  -10.030004212   -0.882710922
   -1.361356817    0.942477796    0.000000000    1.560987652   -0.480246598
   -1.256637061    0.942477796    0.826439163   14.242391752   -0.099842476
   -1.151917306    0.942477796    2.965478424   26.417414657    0.341868001
   -1.047197551    0.942477796    6.290188724   36.614227576    0.472375908
   -0.942477796    0.942477796   10.546635071   44.264741548    0.527311181
   -0.837758041    0.942477796   15.455078793   48.999402597    0.362786137
   -0.733038286    0.942477796   20.695507430   50.542941711    0.196791110
   -0.628318531    0.942477796   25.934911735   48.999323489    0.036242182
   -0.523598776    0.942477796   30.849013565   44.366258482   -0.217222302
   -0.418879020    0.942477796   35.129263805   36.983811535   -0.648153873
   -0.314159265    0.942477796   38.503924928   27.082989355   -1.219938254
   -0.209439510    0.942477796   40.750262751   15.687316528   -1.775321039
   -0.104719755    0.942477796   41.773288090    3.897448038   -1.731777609
    0.000000000    0.942477796   41.611079701   -6.726964434   -0.936033843
    0.104719755    0.942477796   40.455557144  -14.850231666    1.203543069
    0.209439510    0.942477796   38.612433605  -19.734871658    4.659786552
    0.314159265    0.942477796   36.435518805  -21.308002481    9.119955241
    0.418879020    0.942477796   34.247266078  -20.012909369   13.999732867
    0.523598776    0.942477796   32.327192534  -16.253394987   18.674095371
    0.628318531    0.942477796   30.918540327  -10.275542789   22.749555835
    0.733038286    0.942477796   30.257570760   -2.063384278   26.095386588
    0.837758041    0.942477796   30.551611968    7.895364745   28.682505764
    0.942477796    0.942477796   31.949664859   18.920328136   30.435973423
    1.047197551    0.942477796   34.522836643   30.220928228   31.493555877
    1.151917306    0.942477796   38.263498931   41.061779302   31.438597734
    1.256637061    0.942477796   43.070527883   50.351473155   30.147727441
    1.361356817    0.942477796   48.709278844   56.715416151   27.698872727
    1.466076572    0.942477796   54.812281866   59.065879431   24.139268220
    1.570796327    0.942477796   60.911295981   56.602115319   19.922425166
    1.675516082    0.942477796   66.516875038   49.744014260   15.504174516
    1.780235837    0.942477796   71.228634420   39.924098211   11.394449677
    1.884955592    0.942477796   74.835477968   28.936291276    7.798112248
    1.989675347    0.942477796   77.302696256   18.352626907    4.920265456
    2.094395102    0.942477796   78.715657552    8.877608346    2.715722344
    2.199114858    0.942477796   79.189291088    0.258565343    0.932145182
    2.303834613    0.942477796   78.766425644   -8.411652446   -0.525363466
    2.408554368    0.942477796   77.392895527  -18.013920501   -1.856390222
    2.513274123    0.942477796   74.949386659  -28.881284970   -3.150538062
    2.617993878    0.942477796   71.304089785  -40.798706989   -4.266107986
    2.722713633    0.942477796   66.413075233  -52.443189666   -4.985111103
    2.827433388    0.942477796   60.397227761  -61.972546071   -4.932219781
    2.932153143    0.942477796   53.556855024  -67.890340124   -4.062106659
    3.036872898    0.942477796   46.352057935  -68.838551051   -2.575094827

   -3.141592654    1.047197551   39.181209749  -62.894804580   -2.037173191
   -3.036872898    1.047197551   32.987131229  -54.859618253   -0.455797488
   -2.932153143    1.047197551   27.776934571  -44.373855664    0.697591647
   -2.827433388    1.047197551   23.716834272  -33.185747645    1.323104329
   -2.722713633    1.047197551   20.779480111  -23.261667965    1.575779288
   -2.617993878    1.047197551   18.755500278  -15.915591151    1.730518913
   -2.513274123    1.047197551   17.341688425  -11.597351675    1.745702695
   -2.408554368    1.047197551   16.225188130  -10.120659225    1.580398100
   -2.303834613    1.047197551   15.156674942  -10.543809685    1.199832150
   -2.199114858    1.047197551   13.974101974  -12.211660060    0.554557977
   -2.094395102    1.047197551   12.575066474  -14.650411034   -0.005972946
   -1.989675347    1.047197551   10.885985584  -17.688164229   -0.386924781
   -1.884955592    1.047197551    8.867458559  -20.799485862   -0.231113403
   -1.780235837    1.047197551    6.567451250  -22.787927278    0.307336694
   -1.675516082    1.047197551    4.176782482  -22.315777746    1.116149392
   -1.570796327    1.047197551    2.028136636  -17.960999805    1.872404087
   -1.466076572    1.047197551    0.552154416   -9.610617576    2.379652993
   -1.361356817    1.047197551    0.124370442    1.801447772    2.673795165
   -1.256637061    1.047197551    0.967751392   14.357494548    2.713456241
   -1.151917306    1.047197551    3.107549426   26.271668248    2.336542334
   -1.047197551    1.047197551    6.404917868   36.348131726    1.714696936
   -0.942477796    1.047197551   10.622767449   43.722859792    0.854237760
   -0.837758041    1.047197551   15.475482793   48.462812998   -0.042387222
   -0.733038286    1.047197551   20.665052418   50.124013899   -0.831074051
   -0.628318531    1.047197551   25.860848958   48.531970686   -1.560649557
   -0.523598776    1.047197551   30.721649426   43.789500999   -2.319204179
   -0.418879020    1.047197551   34.930403108   36.213769083   -3.212254805
   -0.314159265    1.047197551   38.221583433   26.362800898   -4.164985529
   -0.209439510    1.047197551   40.409932097   15.397443158   -4.767433553
   -0.104719755    1.047197551   41.449347687    4.622070379   -4.427785044
    0.000000000    1.047197551   41.423735052   -4.697359453   -2.558788571
    0.104719755    1.047197551   40.560889762  -11.269351472    0.912314670
    0.209439510    1.047197551   39.157276241  -15.027680739    5.840480402
    0.314159265    1.047197551   37.508090970  -16.092281428   11.404588798
    0.418879020    1.047197551   35.863906997  -14.994066798   16.858465066
    0.523598776    1.047197551   34.437370159  -11.957836332   21.551365677
    0.628318531    1.047197551   33.435059897   -6.827559331   25.206374864
    0.733038286    1.047197551   33.084838384    0.491940355   27.690444619
    0.837758041    1.047197551   33.599553115    9.623469168   29.428094399
    0.942477796    1.047197551   35.140083933   19.887165033   30.337708767
    1.047197551    1.047197551   37.774905657   30.354929493   30.525691518
    1.151917306    1.047197551   41.474342000   40.091612698   29.750961294
    1.256637061    1.047197551   46.115074761   48.131590743   27.836586712
    1.361356817    1.047197551   51.456612583   53.295183065   24.686578323
    1.466076572    1.047197551   57.156493483   54.846588169   20.629488887
    1.570796327    1.047197551   62.795160811   52.125036344   16.095262465
    1.675516082    1.047197551   67.937738413   45.541816428   11.721366480
    1.780235837    1.047197551   72.236493712   36.239610901    7.935501919
    1.884955592    1.047197551   75.498425242   26.040999216    4.964154463
    1.989675347    1.047197551   77.702996207   16.170134858    2.801710842
    2.094395102    1.047197551   78.915241269    7.185945418    1.219853209
    2.199114858    1.047197551   79.230151139   -1.121273716   -0.075999463
    2.303834613    1.047197551   78.666711949   -9.737098599   -1.280650965
    2.408554368    1.047197551   77.159470080  -19.332957959   -2.532776956
    2.513274123    1.047197551   74.577435316  -30.202837318   -3.897394369
    2.617993878    1.047197551   70.808773387  -41.831722743   -5.126461741
    2.722713633    1.047197551   65.841111420  -52.842954391   -5.897026716
    2.827433388    1.047197551   59.825372866  -61.551384428   -5.982938958
    2.932153143    1.047197551   53.075340509  -66.651400924   -5.198769920
    3.036872898    1.047197551   46.028132199  -67.149204439   -3.746155278

   -3.141592654    1.151917306   38.864857963  -61.253676080   -4.149277300
   -3.036872898    1.151917306   32.832316194  -53.450383691   -2.678672827
   -2.932153143    1.151917306   27.748496934  -43.379324781   -1.426496338
   -2.827433388    1.151917306   23.768794994  -32.617188362   -0.514400497
   -2.722713633    1.151917306   20.880602494  -22.853316676    0.143933722
   -2.617993878    1.151917306   18.888752075  -15.672200459    0.579750250
   -2.513274123    1.151917306   17.491029375  -11.570550442    0.859876938
   -2.408554368    1.151917306   16.368270487  -10.258222169    0.954260758
   -2.303834613    1.151917306   15.272600882  -10.967533863    0.815329117
   -2.199114858    1.151917306   14.040271433  -12.699324140    0.612201034
   -2.094395102    1.151917306   12.598043681  -14.893305956    0.479814627
   -1.989675347    1.151917306   10.899257574  -17.568395478    0.627260120
   -1.884955592    1.151917306    8.915539200  -20.273101259    1.139980541
   -1.780235837    1.151917306    6.691013171  -21.962357575    1.988896750
   -1.675516082    1.151917306    4.398335375  -21.343520451    2.986507043
   -1.570796327    1.151917306    2.342610680  -17.212793552    4.006785776
   -1.466076572    1.151917306    0.929919703   -9.153007873    4.678206631
   -1.361356817    1.151917306    0.529893484    1.844429966    4.922262117
   -1.256637061    1.151917306    1.359260105   13.985501497    4.716668557
   -1.151917306    1.151917306    3.440076415   25.491250212    3.935679719
   -1.047197551    1.151917306    6.635466021   35.212396315    2.628670288
   -0.942477796    1.151917306   10.728102615   42.471570322    1.142563489
   -0.837758041    1.151917306   15.448920094   47.227577334   -0.494584576
   -0.733038286    1.151917306   20.519628138   49.069228681   -1.866597098
   -0.628318531    1.151917306   25.608502111   47.588660686   -3.205446158
   -0.523598776    1.151917306   30.367596282   42.729819871   -4.383335794
   -0.418879020    1.151917306   34.464224913   35.082698645   -5.608907994
   -0.314159265    1.151917306   37.646075822   25.506346004   -6.635216243
   -0.209439510    1.151917306   39.785577743   15.383367424   -6.960316323
   -0.104719755    1.151917306   40.896300711    6.115849952   -5.818199903
    0.000000000    1.151917306   41.123019917   -1.409801215   -2.849314589
    0.104719755    1.151917306   40.695754922   -6.359786630    1.931809127
    0.209439510    1.151917306   39.867580707   -9.154919605    7.885636554
    0.314159265    1.151917306   38.839564064  -10.188030284   14.114195862
    0.418879020    1.151917306   37.777082334   -9.877354713   19.678226619
    0.523598776    1.151917306   36.825161564   -8.019639150   24.004344473
    0.628318531    1.151917306   36.171004672   -4.132024283   27.018196656
    0.733038286    1.151917306   36.040865400    2.047898675   28.601004225
    0.837758041    1.151917306   36.679068335   10.467925873   29.323940651
    0.942477796    1.151917306   38.269304990   20.023532789   29.312440656
    1.047197551    1.151917306   40.880033960   29.712197243   28.697992116
    1.151917306    1.151917306   44.464172477   38.487148166   27.266900099
    1.256637061    1.151917306   48.876124980   45.383165830   24.852069288
    1.361356817    1.151917306   53.873483629   49.566390715   21.433935593
    1.466076572    1.151917306   59.139564701   50.381101546   17.246596438
    1.570796327    1.151917306   64.303482233   47.642841047   12.794752769
    1.675516082    1.151917306   68.998095225   41.526199905    8.707980571
    1.780235837    1.151917306   72.920472042   33.120055625    5.299253145
    1.884955592    1.151917306   75.904860752   23.849854342    2.933581148
    1.989675347    1.151917306   77.912856807   14.599445028    1.349967298
    2.094395102    1.151917306   78.987814852    6.039199674    0.258841919
    2.199114858    1.151917306   79.189580710   -2.180826084   -0.605154153
    2.303834613    1.151917306   78.515696821  -10.871437727   -1.573708820
    2.408554368    1.151917306   76.875051811  -20.646219166   -2.836526353
    2.513274123    1.151917306   74.149885393  -31.566027549   -4.200477506
    2.617993878    1.151917306   70.243076630  -42.999026375   -5.612559379
    2.722713633    1.151917306   65.181178541  -53.399499347   -6.710498342
    2.827433388    1.151917306   59.139354848  -61.422672775   -7.108209293
    2.932153143    1.151917306   52.451357127  -65.634035964   -6.739446844
    3.036872898    1.151917306   45.541541400  -65.572558719   -5.591842169

   -3.141592654    1.256637061   38.289308089  -59.891180405   -6.869508097
   -3.036872898    1.256637061   32.402158261  -52.091820018   -5.577638625
   -2.932153143    1.256637061   27.449606180  -42.229162526   -4.341723607
   -2.827433388    1.256637061   23.577829218  -31.758694820   -3.236718622
   -2.722713633    1.256637061   20.764799452  -22.243347954   -2.441797263
   -2.617993878    1.256637061   18.830565608  -15.164848553   -1.821270312
   -2.513274123    1.256637061   17.475059644  -11.226605799   -1.328405669
   -2.408554368    1.256637061   16.379922556  -10.060375167   -0.938687430
   -2.303834613    1.256637061   15.296725250  -10.832510275   -0.536906888
   -2.199114858    1.256637061   14.077453325  -12.542714206   -0.010485485
   -2.094395102    1.256637061   12.659071083  -14.605842118    0.612649230
   -1.989675347    1.256637061   11.004435660  -16.996271816    1.316721742
   -1.884955592    1.256637061    9.096545439  -19.381345997    2.271098352
   -1.780235837    1.256637061    6.974491622  -20.906690866    3.364583519
   -1.675516082    1.256637061    4.791685492  -20.306134971    4.474284601
   -1.570796327    1.256637061    2.837925614  -16.303091355    5.405088966
   -1.466076572    1.256637061    1.503125722   -8.580590736    6.212864848
   -1.361356817    1.256637061    1.131347215    1.829170832    6.400752488
   -1.256637061    1.256637061    1.927221701   13.376603276    6.015665003
   -1.151917306    1.256637061    3.910188317   24.308152196    5.023821610
   -1.047197551    1.256637061    6.957118464   33.542239119    3.448585426
   -0.942477796    1.256637061   10.857591077   40.592121443    1.376650732
   -0.837758041    1.256637061   15.384694207   45.426082964   -0.686836850
   -0.733038286    1.256637061   20.274609736   47.439449547   -2.657487575
   -0.628318531    1.256637061   25.207987047   46.183567710   -4.329754826
   -0.523598776    1.256637061   29.826887705   41.473775750   -5.741442237
   -0.418879020    1.256637061   33.798214447   34.003255649   -6.901154516
   -0.314159265    1.256637061   36.890104460   24.985755697   -7.489758037
   -0.209439510    1.256637061   39.030906630   16.042747559   -7.076875742
   -0.104719755    1.256637061   40.307430123    8.610855392   -5.036582948
    0.000000000    1.256637061   40.900453431    3.107675593   -1.069882561
    0.104719755    1.256637061   41.022654812   -0.454137334    4.551255637
    0.209439510    1.256637061   40.848901407   -2.720692922   10.980530620
    0.314159265    1.256637061   40.479284697   -4.239496589   17.259742576
    0.418879020    1.256637061   39.982957215   -5.046696929   22.414170846
    0.523598776    1.256637061   39.454803663   -4.719139051   26.117194533
    0.628318531    1.256637061   39.064170343   -2.311329670   28.230910277
    0.733038286    1.256637061   39.064601921    2.743289123   29.095346199
    0.837758041    1.256637061   39.728733604   10.282850033   28.865157537
    0.942477796    1.256637061   41.269801182   19.294511377   27.918749642
    1.047197551    1.256637061   43.769105903   28.358032911   26.406428749
    1.151917306    1.256637061   47.167457146   36.316003260   24.270217412
    1.256637061    1.256637061   51.304153665   42.324310723   21.444097915
    1.361356817    1.256637061   55.936607118   45.715609774   17.969480812
    1.466076572    1.256637061   60.775099220   46.187374984   14.051005634
    1.570796327    1.256637061   65.496825895   43.512740361   10.041073814
    1.675516082    1.256637061   69.786146772   38.002118277    6.474908314
    1.780235837    1.256637061   73.385365838   30.495498593    3.693475771
    1.884955592    1.256637061   76.144424376   22.103998690    1.774807745
    1.989675347    1.256637061   78.007381933   13.518327468    0.577784163
    2.094395102    1.256637061   78.990865366    5.283857355   -0.132729635
    2.199114858    1.256637061   79.112863024   -2.982071851   -0.814627776
    2.303834613    1.256637061   78.345660097  -11.861370375   -1.611208649
    2.408554368    1.256637061   76.582792154  -21.951528930   -2.711305904
    2.513274123    1.256637061   73.710242806  -33.065599659   -4.152379487
    2.617993878    1.256637061   69.648821982  -44.417376210   -5.722673201
    2.722713633    1.256637061   64.452726121  -54.453487594   -7.176337109
    2.827433388    1.256637061   58.340587572  -61.721362835   -8.134716623
    2.932153143    1.256637061   51.660861423  -65.170215115   -8.360237639
    3.036872898    1.256637061   44.836083331  -64.511421827   -7.911613894

   -3.141592654    1.361356817   37.426087132  -58.868977144   -9.594120206
   -3.036872898    1.361356817   31.660379668  -50.852628913   -8.556624286
   -2.932153143    1.361356817   26.835513858  -41.075815536   -7.383077009
   -2.827433388    1.361356817   23.076668323  -30.760998227   -6.291463793
   -2.722713633    1.361356817   20.353991336  -21.561074513   -5.417897993
   -2.617993878    1.361356817   18.482949468  -14.649995899   -4.873587279
   -2.513274123    1.361356817   17.177647650  -10.763282523   -4.443792973
   -2.408554368    1.361356817   16.136869326   -9.468397091   -3.786979119
   -2.303834613    1.361356817   15.125071857  -10.018705398   -2.852219190
   -2.199114858    1.361356817   14.003840181  -11.535289346   -1.572740067
   -2.094395102    1.361356817   12.695703806  -13.540200182   -0.018868913
   -1.989675347    1.361356817   11.159973301  -15.798853550    1.547849365
   -1.884955592    1.361356817    9.382159872  -18.102654721    3.084943417
   -1.780235837    1.361356817    7.387299136  -19.681807411    4.426592037
   -1.675516082    1.361356817    5.320404598  -19.243221862    5.613497469
   -1.570796327    1.361356817    3.472015056  -15.430288918    6.649555906
   -1.466076572    1.361356817    2.209533747   -8.167332882    7.213306304
   -1.361356817    1.361356817    1.859595717    1.786235616    7.472801784
   -1.256637061    1.361356817    2.613424044   12.668930298    7.028526958
   -1.151917306    1.361356817    4.487031744   22.867745778    5.927804820
   -1.047197551    1.361356817    7.353497061   31.519266317    4.060958265
   -0.942477796    1.361356817   11.024686378   38.315620742    1.789552542
   -0.837758041    1.361356817   15.307432482   43.186696741   -0.685480286
   -0.733038286    1.361356817   19.977014406   45.525507562   -2.968777044
   -0.628318531    1.361356817   24.725921173   44.586567313   -4.809356800
   -0.523598776    1.361356817   29.196616665   40.318679891   -6.115728997
   -0.418879020    1.361356817   33.072887216   33.357940583   -6.805595549
   -0.314159265    1.361356817   36.140746833   25.177502807   -6.609766677
   -0.209439510    1.361356817   38.376098707   17.723543807   -5.167913702
   -0.104719755    1.361356817   39.915937454   12.082641405   -2.187033446
    0.000000000    1.361356817   40.966955283    8.298218195    2.511179500
    0.104719755    1.361356817   41.696178963    5.826428292    8.422092221
    0.209439510    1.361356817   42.189355811    3.623569215   14.628100237
    0.314159265    1.361356817   42.448067460    1.247408748   20.295341351
    0.418879020    1.361356817   42.459305682   -0.970280008   24.751627085
    0.523598776    1.361356817   42.275921912   -2.229403777   27.661160065
    0.628318531    1.361356817   42.067732717   -1.271379145   29.005214939
    0.733038286    1.361356817   42.111352473    2.634224454   29.034132445
    0.837758041    1.361356817   42.709671840    9.218649935   27.977656047
    0.942477796    1.361356817   44.101093150   17.531465763   26.111204094
    1.047197551    1.361356817   46.390840799   26.136051840   23.623417710
    1.151917306    1.361356817   49.530042628   33.576399866   20.778966838
    1.256637061    1.361356817   53.357174861   39.137666274   17.700519733
    1.361356817    1.361356817   57.634956754   42.151042303   14.377347033
    1.466076572    1.361356817   62.087999796   42.401912640   10.961264600
    1.570796327    1.361356817   66.423612194   39.992394367    7.615847464
    1.675516082    1.361356817   70.377631660   35.108499174    4.788902707
    1.780235837    1.361356817   73.713926711   28.411033198    2.606777910
    1.884955592    1.361356817   76.293321531   20.753627380    1.114787563
    1.989675347    1.361356817   78.050843179   12.747899021    0.267412338
    2.094395102    1.361356817   78.965982448    4.678972580   -0.331521888
    2.199114858    1.361356817   79.025994498   -3.595400703   -0.828067053
    2.303834613    1.361356817   78.181714669  -12.745708940   -1.521751496
    2.408554368    1.361356817   76.308610768  -23.193659758   -2.556651681
    2.513274123    1.361356817   73.282776379  -34.673527042   -4.059155009
    2.617993878    1.361356817   69.044666459  -46.128357560   -5.859750798
    2.722713633    1.361356817   63.675834628  -55.970656964   -7.674407651
    2.827433388    1.361356817   57.432033386  -62.650961263   -9.202387671
    2.932153143    1.361356817   50.691565039  -65.363272232  -10.093684228
    3.036872898    1.361356817   43.888229319  -63.972048388  -10.206523244

   -3.141592654    1.466076572   36.287042348  -58.155176900  -12.102591891
   -3.036872898    1.466076572   30.618706743  -49.755725700  -11.307519998
   -2.932153143    1.466076572   25.913710382  -39.942094810  -10.171314849
   -2.827433388    1.466076572   22.263413787  -29.832901997   -9.196723728
   -2.722713633    1.466076572   19.623540986  -20.878216897   -8.469290119
   -2.617993878    1.466076572   17.807355470  -14.244314491   -7.986797897
   -2.513274123    1.466076572   16.546169347  -10.307207402   -7.568240439
   -2.408554368    1.466076572   15.571586562   -8.601891700   -6.963524057
   -2.303834613    1.466076572   14.677761432   -8.658862260   -5.691179445
   -2.199114858    1.466076572   13.725746321   -9.741392077   -3.841444388
   -2.094395102    1.466076572   12.618586357  -11.490905407   -1.651884170
   -1.989675347    1.466076572   11.293386293  -13.858205756    0.778023380
   -1.884955592    1.466076572    9.707750137  -16.424475052    2.917204396
   -1.780235837    1.466076572    7.876109620  -18.353333169    4.723207098
   -1.675516082    1.466076572    5.947472581  -18.035583544    6.224386947
   -1.570796327    1.466076572    4.211450581  -14.604973567    7.364377802
   -1.466076572    1.466076572    3.018026524   -7.711358619    8.112340211
   -1.361356817    1.466076572    2.684446956    1.668541011    8.234504867
   -1.256637061    1.466076572    3.391473581   11.841574627    7.727360106
   -1.151917306    1.466076572    5.139184076   21.331842849    6.426951021
   -1.047197551    1.466076572    7.804061938   29.362154144    4.498164703
   -0.942477796    1.466076572   11.228642122   35.755132843    2.076611986
   -0.837758041    1.466076572   15.245433719   40.666598256   -0.448203261
   -0.733038286    1.466076572   19.668695595   43.379884606   -2.875658931
   -0.628318531    1.466076572   24.222748131   43.029301594   -4.736611261
   -0.523598776    1.466076572   28.568864422   39.495732590   -5.777090648
   -0.418879020    1.466076572   32.402785751   33.424671378   -5.883652482
   -0.314159265    1.466076572   35.539218949   26.472594250   -4.785889180
   -0.209439510    1.466076572   37.976864909   20.390599985   -2.348545047
   -0.104719755    1.466076572   39.879226103   16.250476072    1.479697402
    0.000000000    1.466076572   41.438852970   13.757672054    6.450136345
    0.104719755    1.466076572   42.778300006   11.781484097   12.135015016
    0.209439510    1.466076572   43.894165553    9.337961600   17.748745008
    0.314159265    1.466076572   44.704887376    6.007514046   22.589808853
    0.418879020    1.466076572   45.136508258    2.293080507   26.240715109
    0.523598776    1.466076572   45.216507523   -0.502757294   28.360833239
    0.628318531    1.466076572   45.115844491   -0.918993369   29.129948824
    0.733038286    1.466076572   45.129422794    1.708576515   28.486541738
    0.837758041    1.466076572   45.577645788    7.280228984   26.666126511
    0.942477796    1.466076572   46.724637526   14.824558385   23.914287497
    1.047197551    1.466076572   48.704802328   22.968633416   20.483725678
    1.151917306    1.466076572   51.505759996   30.288822969   16.886763795
    1.256637061    1.466076572   54.988842805   35.829249011   13.337358689
    1.361356817    1.466076572   58.926156651   38.923934931   10.172074752
    1.466076572    1.466076572   63.050835612   39.404120423    7.383035719
    1.570796327    1.466076572   67.090380821   37.336491660    5.023619597
    1.675516082    1.466076572   70.790338597   32.964834657    3.028720724
    1.780235837    1.466076572   73.932956681   26.853147648    1.523906311
    1.884955592    1.466076572   76.379488339   19.759397110    0.483305503
    1.989675347    1.466076572   78.057543931   12.223937108   -0.166920501
    2.094395102    1.466076572   78.918821587    4.267807457   -0.610757101
    2.199114858    1.466076572   78.931500255   -4.142599895   -1.030529035
    2.303834613    1.466076572   78.016208555  -13.562758360   -1.744349794
    2.408554368    1.466076572   76.035540902  -24.477371063   -2.771213541
    2.513274123    1.466076572   72.851012952  -36.412784700   -4.311417072
    2.617993878    1.466076572   68.415104253  -48.128794050   -6.260997879
    2.722713633    1.466076572   62.838221308  -57.906415609   -8.422815777
    2.827433388    1.466076572   56.409111694  -64.184764043  -10.361308066
    2.932153143    1.466076572   49.547766911  -66.103471922  -11.772602249
    3.036872898    1.466076572   42.705598830  -63.912574983  -12.339060968

   -3.141592654    1.570796327   34.899227586  -57.631915345  -14.394569049
   -3.036872898    1.570796327   29.311805967  -48.796009336  -13.682099851
   -2.932153143    1.570796327   24.715869405  -38.851436128  -12.662118881
   -2.827433388    1.570796327   21.169973117  -28.979920247  -11.619397335
   -2.722713633    1.570796327   18.602500091  -20.357484773  -10.979924818
   -2.617993878    1.570796327   16.828176933  -13.907899261  -10.583667106
   -2.513274123    1.570796327   15.602551043   -9.849294252  -10.287736486
   -2.408554368    1.570796327   14.700357511   -7.679322840   -9.594080753
   -2.303834613    1.570796327   13.939759631   -7.043931457   -8.355409964
   -2.199114858    1.570796327   13.189004940   -7.489200451   -6.393408672
   -2.094395102    1.570796327   12.336929138   -8.933713328   -3.875268962
   -1.989675347    1.570796327   11.280679151  -11.386135581   -1.176198299
   -1.884955592    1.570796327    9.942724786  -14.176904960    1.348391321
   -1.780235837    1.570796327    8.326616193  -16.388087588    3.688062669
   -1.675516082    1.570796327    6.584761638  -16.431289724    5.675072404
   -1.570796327    1.570796327    4.990538805  -13.453109114    7.290023996
   -1.466076572    1.570796327    3.883152749   -7.174076308    8.227197687
   -1.361356817    1.570796327    3.564817538    1.375247902    8.413029788
   -1.256637061    1.570796327    4.205191455   10.787353578    7.675549732
   -1.151917306    1.570796327    5.806718254   19.598482314    6.211835617
   -1.047197551    1.570796327    8.267831140   27.190763674    4.212278100
   -0.942477796    1.570796327   11.443931679   33.308212761    1.937165493
   -0.837758041    1.570796327   15.198177199   38.151788279   -0.497472336
   -0.733038286    1.570796327   19.373178158   41.198670567   -2.794498346
   -0.628318531    1.570796327   23.736554542   41.642217032   -4.488877391
   -0.523598776    1.570796327   27.988249794   39.128555840   -5.245299418
   -0.418879020    1.570796327   31.848127355   34.291020937   -4.685098627
   -0.314159265    1.570796327   35.143710146   28.697666545   -2.809947613
   -0.209439510    1.570796327   37.878089414   23.883762596    0.400030921
   -0.104719755    1.570796327   40.208660505   20.861775245    4.660901974
    0.000000000    1.570796327   42.292528791   19.053986833    9.653349853
    0.104719755    1.570796327   44.200717872   17.296666194   14.833665360
    0.209439510    1.570796327   45.866063554   14.299307563   19.717005986
    0.314159265    1.570796327   47.143444457    9.891557575   23.763258568
    0.418879020    1.570796327   47.916022010    4.874213572   26.705119753
    0.523598776    1.570796327   48.191967403    0.665780309   28.332452239
    0.628318531    1.570796327   48.141883909   -1.126665963   28.585345729
    0.733038286    1.570796327   48.061776146    0.134279092   27.426778514
    0.837758041    1.570796327   48.280378092    4.523829643   24.886853640
    0.942477796    1.570796327   49.089023307   11.212412960   21.191302012
    1.047197551    1.570796327   50.662381585   18.970075386   16.895175915
    1.151917306    1.570796327   53.046033202   26.404744820   12.515297299
    1.256637061    1.570796327   56.143306488   32.416229193    8.641332804
    1.361356817    1.570796327   59.754327346   36.136449949    5.547360596
    1.466076572    1.570796327   63.615379282   37.183261569    3.290003740
    1.570796327    1.570796327   67.446466899   35.590287154    1.643968106
    1.675516082    1.570796327   70.982522445   31.631265169    0.556801938
    1.780235837    1.570796327   74.008887854   25.959664125   -0.166893576
    1.884955592    1.570796327   76.380061706   19.119800142   -0.629385797
    1.989675347    1.570796327   77.999614092   11.713219591   -0.986113372
    2.094395102    1.570796327   78.823275648    3.892008834   -1.309859284
    2.199114858    1.570796327   78.792288783   -4.699089316   -1.770201081
    2.303834613    1.570796327   77.799457097  -14.508005895   -2.546472394
    2.408554368    1.570796327   75.699700540  -25.852487695   -3.752814921
    2.513274123    1.570796327   72.348955121  -38.225447658   -5.470998798
    2.617993878    1.570796327   67.698380721  -50.345319225   -7.606634760
    2.722713633    1.570796327   61.886835729  -60.123470616   -9.853122841
    2.827433388    1.570796327   55.241324287  -66.032818956  -12.035486946
    2.932153143    1.570796327   48.221121382  -67.259163625  -13.581946732
    3.036872898    1.570796327   41.303627403  -64.197712945  -14.437806760

   -3.141592654    1.675516082   33.282742003  -57.269212700  -16.473689678
   -3.036872898    1.675516082   27.761307175  -47.934834556  -15.925905396
   -2.932153143    1.675516082   23.269378770  -37.803581926  -14.889153627
   -2.827433388    1.675516082   19.828145116  -28.088917205  -13.941961497
   -2.722713633    1.675516082   17.337313261  -19.774557377  -13.136771608
   -2.617993878    1.675516082   15.609199894  -13.608331703  -12.638199373
   -2.513274123    1.675516082   14.418193527   -9.433322090  -12.230253829
   -2.408554368    1.675516082   13.579510079   -6.853852910  -11.661194514
   -2.303834613    1.675516082   12.940745916   -5.578713228  -10.623953704
   -2.199114858    1.675516082   12.382348203   -5.295042788   -8.927015826
   -2.094395102    1.675516082   11.785669895   -6.334944434   -6.699833890
   -1.989675347    1.675516082   11.007471219   -8.685444319   -4.100264911
   -1.884955592    1.675516082    9.945691379  -11.672158517   -1.436209286
   -1.780235837    1.675516082    8.594495097  -13.914128740    1.249390631
   -1.675516082    1.675516082    7.093240566  -14.285628194    3.815045796
   -1.570796327    1.675516082    5.693794583  -11.936900271    5.840077495
   -1.466076572    1.675516082    4.700705747   -6.553834622    7.160956993
   -1.361356817    1.675516082    4.399901261    1.089102186    7.384297650
   -1.256637061    1.675516082    4.960232230    9.614529391    6.542173069
   -1.151917306    1.675516082    6.403110993   17.800223150    5.070402301
   -1.047197551    1.675516082    8.659587653   25.092985872    3.179595221
   -0.942477796    1.675516082   11.613946197   31.074496429    1.160869346
   -0.837758041    1.675516082   15.129110857   35.903992798   -0.912108699
   -0.733038286    1.675516082   19.080784116   39.260287877   -2.769756803
   -0.628318531    1.675516082   23.282288922   40.552881136   -4.137235194
   -0.523598776    1.675516082   27.478753510   39.194886801   -4.442116009
   -0.418879020    1.675516082   31.416718367   35.766677552   -3.515011718
   -0.314159265    1.675516082   34.941000046   31.507508644   -1.068011070
   -0.209439510    1.675516082   38.041508715   27.862981971    2.662999420
   -0.104719755    1.675516082   40.828370604   25.593099397    7.099066926
    0.000000000    1.675516082   43.427733522   24.125456742   11.923917611
    0.104719755    1.675516082   45.853767723   22.044599211   16.635739761
    0.209439510    1.675516082   47.989682706   18.477318526   20.793561036
    0.314159265    1.675516082   49.655789304   13.134663433   24.115746590
    0.418879020    1.675516082   50.708677417    6.912794003   26.627125184
    0.523598776    1.675516082   51.134881271    1.461638411   27.828291544
    0.628318531    1.675516082   51.089719496   -1.858134398   27.640482899
    0.733038286    1.675516082   50.856383438   -2.040574778   25.901578659
    0.837758041    1.675516082   50.771884080    0.928467928   22.600920938
    0.942477796    1.675516082   51.150146447    6.668391154   18.109862018
    1.047197551    1.675516082   52.228855667   14.121171429   13.004906384
    1.151917306    1.675516082   54.116018592   21.925852866    7.900556148
    1.256637061    1.675516082   56.786041700   28.773884775    3.592424164
    1.361356817    1.675516082   60.070142285   33.549195313    0.465976853
    1.466076572    1.675516082   63.713168286   35.539730334   -1.429193767
    1.570796327    1.675516082   67.412645690   34.660784666   -2.391845612
    1.675516082    1.675516082   70.879257677   31.141761047   -2.689106450
    1.780235837    1.675516082   73.870710170   25.726346041   -2.623380193
    1.884955592    1.675516082   76.220436302   18.954522578   -2.569384739
    1.989675347    1.675516082   77.822025361   11.510896675   -2.581088277
    2.094395102    1.675516082   78.614786415    3.517972671   -2.812444941
    2.199114858    1.675516082   78.529163175   -5.347455765   -3.376521357
    2.303834613    1.675516082   77.448183308  -15.558522414   -4.372380838
    2.408554368    1.675516082   75.210183798  -27.412439077   -5.831806368
    2.513274123    1.675516082   71.668002980  -40.337544236   -7.759126560
    2.617993878    1.675516082   66.785125013  -52.612938553   -9.996724930
    2.722713633    1.675516082   60.732258644  -62.379050967  -12.344884066
    2.827433388    1.675516082   53.868426175  -67.909819236  -14.351273989
    2.932153143    1.675516082   46.684185528  -68.467596901  -15.800334432
    3.036872898    1.675516082   39.686748085  -64.553632912  -16.530699043

   -3.141592654    1.780235837   31.438048087  -56.912811855  -18.763724651
   -3.036872898    1.780235837   25.978758874  -47.128535720  -18.166947910
   -2.932153143    1.780235837   21.584704667  -36.793953090  -17.238826256
   -2.827433388    1.780235837   18.248322151  -27.074292883  -16.210215346
   -2.722713633    1.780235837   15.851939135  -19.013986336  -15.231583193
   -2.617993878    1.780235837   14.192231739  -13.052426952  -14.395787703
   -2.513274123    1.780235837   13.057611192   -8.922137408  -13.746326129
   -2.408554368    1.780235837   12.278636449   -6.103689490  -13.081993090
   -2.303834613    1.780235837   11.741019159   -4.298091361  -12.145087780
   -2.199114858    1.780235837   11.342653768   -3.550351100  -10.790057203
   -2.094395102    1.780235837   10.951193311   -4.141866877   -9.129089003
   -1.989675347    1.780235837   10.422218389   -6.173132854   -7.029629775
   -1.884955592    1.780235837    9.634147295   -8.941983887   -4.440500415
   -1.780235837    1.780235837    8.572924951  -11.151751469   -1.714737932
   -1.675516082    1.780235837    7.352727435  -11.803022185    1.056655850
   -1.570796327    1.780235837    6.186298733  -10.054997151    3.375648302
   -1.466076572    1.780235837    5.340778518   -5.672857482    4.926249054
   -1.361356817    1.780235837    5.070018130    0.839808429    5.319964853
   -1.256637061    1.780235837    5.554377710    8.479476756    4.684010066
   -1.151917306    1.780235837    6.848270831   16.193636312    3.388375405
   -1.047197551    1.780235837    8.919527968   23.212658587    1.749145791
   -0.942477796    1.780235837   11.677030578   29.252945030    0.082050406
   -0.837758041    1.780235837   15.006592573   34.200162136   -1.439942410
   -0.733038286    1.780235837   18.793706509   37.891655224   -2.684314478
   -0.628318531    1.780235837   22.882726300   39.865677289   -3.446263712
   -0.523598776    1.780235837   27.066798410   39.671747582   -3.303692981
   -0.418879020    1.780235837   31.131098502   37.690034430   -1.902368280
   -0.314159265    1.780235837   34.930088563   34.836688600    0.942980315
   -0.209439510    1.780235837   38.429787270   32.134124419    4.917676636
   -0.104719755    1.780235837   41.693937681   30.298069784    9.476203983
    0.000000000    1.780235837   44.786638197   28.727619074   14.131353349
    0.104719755    1.780235837   47.678777684   26.232387295   18.340049139
    0.209439510    1.780235837   50.222779853   21.977684664   21.999236821
    0.314159265    1.780235837   52.213975747   15.761643386   24.767003165
    0.418879020    1.780235837   53.491780361    8.551606265   26.605227511
    0.523598776    1.780235837   54.018899036    1.715950301   27.252392667
    0.628318531    1.780235837   53.922958995   -3.115382374   26.422135233
    0.733038286    1.780235837   53.469075102   -4.998057130   23.911967097
    0.837758041    1.780235837   52.999825612   -3.451060854   19.851283469
    0.942477796    1.780235837   52.865217533    1.375446207   14.598145025
    1.047197551    1.780235837   53.368499016    8.519439522    8.765471288
    1.151917306    1.780235837   54.695690039   16.903350274    3.158724832
    1.256637061    1.780235837   56.894819830   24.919998053   -1.474211914
    1.361356817    1.780235837   59.847336549   31.064537507   -4.715367386
    1.466076572    1.780235837   63.300591956   34.354963044   -6.422409372
    1.570796327    1.780235837   66.929965932   34.396007566   -6.862141408
    1.675516082    1.780235837   70.400686203   31.432417587   -6.561924677
    1.780235837    1.780235837   73.429635650   26.101498777   -5.918747445
    1.884955592    1.780235837   75.812117461   19.171685815   -5.408173542
    1.989675347    1.780235837   77.422276503   11.478468992   -5.219792776
    2.094395102    1.780235837   78.195207822    3.148402732   -5.389393036
    2.199114858    1.780235837   78.045584528   -6.249961294   -6.058793516
    2.303834613    1.780235837   76.846163557  -16.914506064   -7.310596713
    2.408554368    1.780235837   74.439200462  -29.277969606   -9.115901399
    2.513274123    1.780235837   70.682552232  -42.535282866  -11.267832130
    2.617993878    1.780235837   65.559418516  -54.957339743  -13.526015669
    2.722713633    1.780235837   59.272150839  -64.462481312  -15.754390763
    2.827433388    1.780235837   52.211041284  -69.526676828  -17.431612866
    2.932153143    1.780235837   44.893735672  -69.420246947  -18.471365467
    3.036872898    1.780235837   37.832852359  -64.787257193  -18.908306418

   -3.141592654    1.884955592   29.347470122  -56.392360140  -21.147051922
   -3.036872898    1.884955592   23.960283098  -46.299354425  -20.347521170
   -2.932153143    1.884955592   19.667100132  -35.731217157  -19.325599045
   -2.827433388    1.884955592   16.448179325  -25.946936251  -18.143417655
   -2.722713633    1.884955592   14.167790863  -17.945570452  -16.887697459
   -2.617993878    1.884955592   12.610834912  -12.112239204  -15.732153084
   -2.513274123    1.884955592   11.563648969   -8.109965793  -14.726091039
   -2.408554368    1.884955592   10.866857626   -5.285025668  -13.835605340
   -2.303834613    1.884955592   10.420796646   -3.332894483  -12.978130910
   -2.199114858    1.884955592   10.143826253   -2.204374785  -11.879268399
   -2.094395102    1.884955592    9.908640293   -2.485798665  -10.582257198
   -1.989675347    1.884955592    9.577252380   -4.011750591   -8.918821581
   -1.884955592    1.884955592    9.032797676   -6.384291264   -6.804009480
   -1.780235837    1.884955592    8.250909549   -8.433773112   -4.376136851
   -1.675516082    1.884955592    7.317996209   -9.117536422   -1.639412446
   -1.570796327    1.884955592    6.403123018   -7.909344364    0.775346522
   -1.466076572    1.884955592    5.726493630   -4.591179262    2.513626047
   -1.361356817    1.884955592    5.511232473    0.788650311    3.094358455
   -1.256637061    1.884955592    5.938217917    7.551112028    2.744119061
   -1.151917306    1.884955592    7.112455310   14.869701414    1.794465427
   -1.047197551    1.884955592    9.035009154   21.781757349    0.587811973
   -0.942477796    1.884955592   11.647013426   27.918803457   -0.582878939
   -0.837758041    1.884955592   14.847932024   33.020862024   -1.590254983
   -0.733038286    1.884955592   18.528841721   37.044959258   -2.332833877
   -0.628318531    1.884955592   22.564492498   39.802829039   -2.500055139
   -0.523598776    1.884955592   26.797280322   40.781942877   -1.791223150
   -0.418879020    1.884955592   31.043239088   40.131784289    0.285558762
   -0.314159265    1.884955592   35.161774971   38.474800656    3.612258196
   -0.209439510    1.884955592   39.093449803   36.652726480    7.914533242
   -0.104719755    1.884955592   42.844587356   34.963646095   12.688410078
    0.000000000    1.884955592   46.418441095   33.117252838   17.188145340
    0.104719755    1.884955592   49.737937871   29.984560761   21.167216612
    0.209439510    1.884955592   52.631573300   24.868979350   24.210530945
    0.314159265    1.884955592   54.879149547   17.765905041   26.292968896
    0.418879020    1.884955592   56.305824203    9.366399494   27.222979499
    0.523598776    1.884955592   56.848409150    1.165697310   26.789639571
    0.628318531    1.884955592   56.611229887   -5.301421457   24.884831131
    0.733038286    1.884955592   55.848549040   -8.734028962   21.420626689
    0.837758041    1.884955592   54.910510493   -8.560428220   16.506992808
    0.942477796    1.884955592   54.190874505   -4.613355712   10.526730081
    1.047197551    1.884955592   54.054659454    2.465466233    4.229798602
    1.151917306    1.884955592   54.778057092   11.559328818   -1.618335906
    1.256637061    1.884955592   56.482036023   20.884806269   -6.329369187
    1.361356817    1.884955592   59.096278731   28.638100043   -9.516734973
    1.466076572    1.884955592   62.379660633   33.458557132  -11.132469351
    1.570796327    1.884955592   65.973689254   34.552444266  -11.399332468
    1.675516082    1.884955592   69.493979027   32.123951213  -10.827314398
    1.780235837    1.884955592   72.602962629   26.852624745   -9.943580699
    1.884955592    1.884955592   75.051863794   19.672299785   -9.249478689
    1.989675347    1.884955592   76.696499624   11.578382418   -8.821910636
    2.094395102    1.884955592   77.451338132    2.662489645   -9.002701225
    2.199114858    1.884955592   77.221372514   -7.245569632   -9.847177875
    2.303834613    1.884955592   75.879938616  -18.627551128  -11.305326943
    2.408554368    1.884955592   73.271832550  -31.392220200  -13.304488349
    2.513274123    1.884955592   69.278073332  -44.838107783  -15.603742735
    2.617993878    1.884955592   63.919115608  -57.164609556  -17.861243001
    2.722713633    1.884955592   57.419383326  -66.281310457  -19.676640729
    2.827433388    1.884955592   50.204706587  -70.671239323  -20.910699488
    2.932153143    1.884955592   42.799257070  -69.940202096  -21.543994857
    3.036872898    1.884955592   35.713344135  -64.768151958  -21.594647811

   -3.141592654    1.989675347   27.023773999  -55.661202383  -23.121096500
   -3.036872898    1.989675347   21.731251228  -45.250100058  -22.133805744
   -2.932153143    1.989675347   17.557041448  -34.497040891  -20.847862594
   -2.827433388    1.989675347   14.472877027  -24.634922889  -19.465303350
   -2.722713633    1.989675347   12.332335280  -16.613046375  -18.030698120
   -2.617993878    1.989675347   10.911791636  -10.898944034  -16.632985602
   -2.513274123    1.989675347    9.982595257   -7.083255811  -15.400067652
   -2.408554368    1.989675347    9.389609678   -4.356009715  -14.335087136
   -2.303834613    1.989675347    9.044507448   -2.344878117  -13.292926073
   -2.199114858    1.989675347    8.874325678   -1.078650400  -12.264639081
   -2.094395102    1.989675347    8.770260549   -1.061653713  -10.997940578
   -1.989675347    1.989675347    8.598989676   -2.407976933   -9.624727728
   -1.884955592    1.989675347    8.251067363   -4.262711680   -7.830987038
   -1.780235837    1.989675347    7.710107300   -5.938846584   -5.679551772
   -1.675516082    1.989675347    7.043045941   -6.611804599   -3.344664164
   -1.570796327    1.989675347    6.377286356   -5.836979238   -0.996910102
   -1.466076572    1.989675347    5.882376035   -3.336843051    0.661004244
   -1.361356817    1.989675347    5.748282908    1.074111444    1.600463855
   -1.256637061    1.989675347    6.165096350    6.996921428    1.698468989
   -1.151917306    1.989675347    7.255799648   13.905375611    1.110107341
   -1.047197551    1.989675347    9.073827771   20.739371387    0.324958560
   -0.942477796    1.989675347   11.581427224   26.997787020   -0.530506396
   -0.837758041    1.989675347   14.696483283   32.321288006   -1.175381517
   -0.733038286    1.989675347   18.322554574   36.811217740   -1.513449779
   -0.628318531    1.989675347   22.370094464   40.278208883   -1.129219052
   -0.523598776    1.989675347   26.713202668   42.469841195    0.236843142
   -0.418879020    1.989675347   31.208149407   43.212850750    2.926670463
   -0.314159265    1.989675347   35.711506244   42.660603951    6.976522560
   -0.209439510    1.989675347   40.118539067   41.456210115   11.772475090
   -0.104719755    1.989675347   44.380311987   39.803382585   16.812250699
    0.000000000    1.989675347   48.429187258   37.338492602   21.374199011
    0.104719755    1.989675347   52.146330862   33.343878615   24.934773197
    0.209439510    1.989675347   55.325685217   27.063604158   27.303951388
    0.314159265    1.989675347   57.737301927   18.747687070   28.296631614
    0.418879020    1.989675347   59.194047352    8.987033698   27.901890446
    0.523598776    1.989675347   59.618638337   -0.657914312   26.047971382
    0.628318531    1.989675347   59.114911764   -8.585076737   22.771705385
    0.733038286    1.989675347   57.928731750  -13.481185130   18.156926391
    0.837758041    1.989675347   56.429523169  -14.399501126   12.377316951
    0.942477796    1.989675347   55.060950986  -11.038363408    5.994614372
    1.047197551    1.989675347   54.255861672   -3.759723687   -0.468503536
    1.151917306    1.989675347   54.368068235    6.154659097   -6.293421694
    1.256637061    1.989675347   55.580158517   16.942300292  -10.814038832
    1.361356817    1.989675347   57.867320388   26.351622651  -13.830144089
    1.466076572    1.989675347   60.988040558   32.624328853  -15.326683080
    1.570796327    1.989675347   64.556157915   34.805288725  -15.565902323
    1.675516082    1.989675347   68.134295160   32.916207765  -15.107600203
    1.780235837    1.989675347   71.333255401   27.713109117  -14.336266878
    1.884955592    1.989675347   73.857639838   20.285182775  -13.600329452
    1.989675347    1.989675347   75.545100352   11.754324512  -13.228343253
    2.094395102    1.989675347   76.282837656    2.147300844  -13.396019431
    2.199114858    1.989675347   75.961606456   -8.457144138  -14.238989002
    2.303834613    1.989675347   74.462776956  -20.446104235  -15.777890313
    2.408554368    1.989675347   71.640946747  -33.628022110  -17.828072155
    2.513274123    1.989675347   67.407734912  -47.129300671  -20.051015140
    2.617993878    1.989675347   61.824060712  -59.070020111  -22.085703199
    2.722713633    1.989675347   55.154549000  -67.623842177  -23.528097556
    2.827433388    1.989675347   47.832434419  -71.335918879  -24.296937088
    2.932153143    1.989675347   40.392983918  -69.999988413  -24.381348330
    3.036872898    1.989675347   33.326388591  -64.326538035  -23.920457169

   -3.141592654    2.094395102   24.535208672  -54.571852778  -24.200831362
   -3.036872898    2.094395102   19.368480671  -43.959237629  -22.796982436
   -2.932153143    2.094395102   15.337089792  -33.112567546  -21.372884315
   -2.827433388    2.094395102   12.404158283  -23.162879116  -19.884255107
   -2.722713633    2.094395102   10.415600653  -15.215124282  -18.448433357
   -2.617993878    2.094395102    9.138595948   -9.537715269  -17.108982445
   -2.513274123    2.094395102    8.345695572   -5.800075383  -15.816534064
   -2.408554368    2.094395102    7.877839153   -3.243298905  -14.499942278
   -2.303834613    2.094395102    7.648032029   -1.256757376  -13.305331445
   -2.199114858    2.094395102    7.596657806    0.097318750  -12.060414182
   -2.094395102    2.094395102    7.625614689    0.220803861  -10.795363544
   -1.989675347    2.094395102    7.604702303   -0.814564854   -9.323975713
   -1.884955592    2.094395102    7.437645016   -2.417465067   -7.624151297
   -1.780235837    2.094395102    7.105672411   -3.873025167   -5.783287268
   -1.675516082    2.094395102    6.664128258   -4.420576782   -3.757390620
   -1.570796327    2.094395102    6.219389105   -3.849199909   -1.807745963
   -1.466076572    2.094395102    5.903681170   -1.941189186   -0.133667925
   -1.361356817    2.094395102    5.879207826    1.742937521    0.991007089
   -1.256637061    2.094395102    6.323575627    7.010228034    1.479964226
   -1.151917306    2.094395102    7.383781691   13.375247864    1.457478219
   -1.047197551    2.094395102    9.133871738   20.038762861    0.958724479
   -0.942477796    2.094395102   11.564477849   26.292025919    0.307674968
   -0.837758041    2.094395102   14.618885957   31.911363522   -0.229854528
   -0.733038286    2.094395102   18.228158628   36.971215448   -0.194050207
   -0.628318531    2.094395102   22.338856602   41.376165676    0.687284337
   -0.523598776    2.094395102   26.863847898   44.821676787    2.741955485
   -0.418879020    2.094395102   31.681712650   46.919207716    6.198199017
   -0.314159265    2.094395102   36.639180546   47.480762191   10.836201569
   -0.209439510    2.094395102   41.580400821   46.693377143   16.196947963
   -0.104719755    2.094395102   46.379536383   44.722576813   21.371731591
    0.000000000    2.094395102   50.897746406   41.339529695   25.734092981
    0.104719755    2.094395102   54.962478173   35.914422264   28.765448264
    0.209439510    2.094395102   58.338775970   28.186887033   30.088630090
    0.314159265    2.094395102   60.786291534   18.295497726   29.723365897
    0.418879020    2.094395102   62.121557244    7.073851640   27.768663234
    0.523598776    2.094395102   62.269852897   -4.016196438   24.304040639
    0.628318531    2.094395102   61.344363452  -13.261487951   19.527240098
    0.733038286    2.094395102   59.607929916  -19.250799591   13.737500154
    0.837758041    2.094395102   57.465265391  -20.819227128    7.225272644
    0.942477796    2.094395102   55.410898060  -17.605582328    0.558718621
    1.047197551    2.094395102   53.939948685   -9.820936509   -5.682595626
    1.151917306    2.094395102   53.468815202    1.170300217  -10.914316035
    1.256637061    2.094395102   54.233057313   13.380096708  -14.828317110
    1.361356817    2.094395102   56.224311063   24.256186735  -17.409742999
    1.466076572    2.094395102   59.197838989   31.836232284  -18.741261043
    1.570796327    2.094395102   62.732266832   34.903105387  -19.059311935
    1.675516082    2.094395102   66.350175043   33.495181612  -18.846734958
    1.780235837    2.094395102   69.615048222   28.349427028  -18.386490415
    1.884955592    2.094395102   72.207561533   20.855934778  -17.838536683
    1.989675347    2.094395102   73.928134175   11.855579674  -17.515805501
    2.094395102    2.094395102   74.648762362    1.668707049  -17.689553581
    2.199114858    2.094395102   74.245214836   -9.604961518  -18.437140058
    2.303834613    2.094395102   72.591315415  -22.171159886  -19.798868228
    2.408554368    2.094395102   69.562514994  -35.779289074  -21.699585217
    2.513274123    2.094395102   65.105323444  -49.208115591  -23.691720843
    2.617993878    2.094395102   59.326887001  -60.654185327  -25.358866321
    2.722713633    2.094395102   52.528888820  -68.464123619  -26.397880575
    2.827433388    2.094395102   45.155149915  -71.523131835  -26.674541363
    2.932153143    2.094395102   37.728998634  -69.523095437  -26.301571088
    3.036872898    2.094395102   30.733727084  -63.439193093  -25.390077682

   -3.141592654    2.199114858   22.006795959  -53.085000670  -23.827065387
   -3.036872898    2.199114858   16.997135000  -42.458892192  -22.217470034
   -2.932153143    2.199114858   13.124586533  -31.607498295  -20.681237522
   -2.827433388    2.199114858   10.346754126  -21.672729348  -19.252556324
   -2.722713633    2.199114858    8.504151765  -13.898508014  -17.950884637
   -2.617993878    2.199114858    7.358374273   -8.373596170  -16.772275374
   -2.513274123    2.199114858    6.691438957   -4.592214938  -15.696751379
   -2.408554368    2.199114858    6.354862611   -1.994502662  -14.554699837
   -2.303834613    2.199114858    6.256555968    0.051450332  -13.221939008
   -2.199114858    2.199114858    6.346006528    1.460033592  -11.777867271
   -2.094395102    2.199114858    6.521207420    1.747219362  -10.286714918
   -1.989675347    2.199114858    6.661265182    0.818261282   -8.685810531
   -1.884955592    2.199114858    6.669114427   -0.684045736   -7.029453701
   -1.780235837    2.199114858    6.524350396   -2.030237425   -5.294475885
   -1.675516082    2.199114858    6.273940631   -2.566887453   -3.534881671
   -1.570796327    2.199114858    6.022289406   -2.066490726   -1.858884430
   -1.466076572    2.199114858    5.880074270   -0.442753782   -0.215016791
   -1.361356817    2.199114858    5.981568282    2.679536079    1.011712559
   -1.256637061    2.199114858    6.492971703    7.329257112    1.781037163
   -1.151917306    2.199114858    7.564144966   13.241346402    2.032110796
   -1.047197551    2.199114858    9.281586824   19.558756567    1.811087175
   -0.942477796    2.199114858   11.655635248   25.748089311    1.475262287
   -0.837758041    2.199114858   14.670138996   31.754345710    1.290145982
   -0.733038286    2.199114858   18.303802104   37.627553440    1.754098653
   -0.628318531    2.199114858   22.536522847   43.135229850    3.275382826
   -0.523598776    2.199114858   27.316294537   47.959495560    6.121929095
   -0.418879020    2.199114858   32.531422568   51.319132112   10.216234238
   -0.314159265    2.199114858   37.998975183   52.762445808   15.246282392
   -0.209439510    2.199114858   43.508446239   52.110896359   20.663135453
   -0.104719755    2.199114858   48.843672872   49.492045504   25.579538287
    0.000000000    2.199114858   53.790818584   44.702143182   29.255904546
    0.104719755    2.199114858   58.116101095   37.541590289   31.143413268
    0.209439510    2.199114858   61.564725164   27.965367574   31.148182118
    0.314159265    2.199114858   63.896096952   16.338180805   29.297892931
    0.418879020    2.199114858   64.939281888    3.534394148   25.677757667
    0.523598776    2.199114858   64.648849510   -8.912527592   20.716270715
    0.628318531    2.199114858   63.150342080  -19.233831375   14.610160038
    0.733038286    2.199114858   60.749889954  -25.878069151    7.867160507
    0.837758041    2.199114858   57.899242199  -27.664744040    0.832072847
    0.942477796    2.199114858   55.147725790  -23.981416121   -5.688693992
    1.047197551    2.199114858   53.055684698  -15.249211788  -11.295698563
    1.151917306    2.199114858   52.081862653   -2.951906201  -15.572774202
    1.256637061    2.199114858   52.482293098   10.576247645  -18.491776350
    1.361356817    2.199114858   54.244939970   22.674283498  -20.226506039
    1.466076572    2.199114858   57.102998608   31.148085844  -21.110826881
    1.570796327    2.199114858   60.601953443   34.848368039  -21.405217753
    1.675516082    2.199114858   64.232183856   33.718476694  -21.355051875
    1.780235837    2.199114858   67.532531583   28.764503203  -21.136618722
    1.884955592    2.199114858   70.165663584   21.207135543  -20.847284083
    1.989675347    2.199114858   71.915161012   11.946681341  -20.606982786
    2.094395102    2.199114858   72.618548038    1.320588288  -20.767367928
    2.199114858    2.199114858   72.146519136  -10.577094984  -21.308519125
    2.303834613    2.199114858   70.362540830  -23.702016061  -22.462444709
    2.408554368    2.199114858   67.152357132  -37.592768505  -23.971890150
    2.513274123    2.199114858   62.505357166  -50.900487993  -25.591429960
    2.617993878    2.199114858   56.573381208  -61.823904918  -26.852462083
    2.722713633    2.199114858   49.687570243  -68.949458495  -27.576457920
    2.827433388    2.199114858   42.305622718  -71.182288460  -27.444412987
    2.932153143    2.199114858   34.941843391  -68.699547885  -26.637650992
    3.036872898    2.199114858   28.060478546  -62.194762840  -25.350658656

   -3.141592654    2.303834613   19.600283524  -51.415572541  -21.877403330
   -3.036872898    2.303834613   14.762231865  -40.850471935  -20.202134487
   -2.932153143    2.303834613   11.051777499  -30.132992968  -18.702516262
   -2.827433388    2.303834613    8.412919326  -20.526245068  -17.534337652
   -2.722713633    2.303834613    6.686152602  -12.821661077  -16.616816485
   -2.617993878    2.303834613    5.644093741   -7.410376166  -15.801275336
   -2.513274123    2.303834613    5.078987838   -3.614684702  -14.926600719
   -2.408554368    2.303834613    4.853415050   -0.803956203  -14.010843123
   -2.303834613    2.303834613    4.891075172    1.460262776  -12.739757454
   -2.199114858    2.303834613    5.138682054    3.048363415  -11.159715300
   -2.094395102    2.303834613    5.482558348    3.364930528   -9.466442745
   -1.989675347    2.303834613    5.798188077    2.460202371   -7.787100833
   -1.884955592    2.303834613    5.979726522    0.977535186   -6.068657829
   -1.780235837    2.303834613    6.007048340   -0.347110943   -4.459947747
   -1.675516082    2.303834613    5.932372359   -0.854393123   -2.889235737
   -1.570796327    2.303834613    5.850781077   -0.524359971   -1.339356596
   -1.466076572    2.303834613    5.863642877    0.962281280    0.010730037
   -1.361356817    2.303834613    6.095765456    3.706123149    1.193690638
   -1.256637061    2.303834613    6.693701844    7.943740922    2.007679647
   -1.151917306    2.303834613    7.798874038   13.333183870    2.397152122
   -1.047197551    2.303834613    9.510437681   19.370195047    2.581737993
   -0.942477796    2.303834613   11.870120726   25.712925273    2.717620985
   -0.837758041    2.303834613   14.902965647   32.217648634    3.259843989
   -0.733038286    2.303834613   18.629659613   38.987842727    4.671182159
   -0.628318531    2.303834613   23.073235313   45.804830062    7.188201661
   -0.523598776    2.303834613   28.192100325   51.778057071   10.823658735
   -0.418879020    2.303834613   33.859617293   56.117861842   15.376517722
   -0.314159265    2.303834613   39.855737482   58.019387759   20.296942490
   -0.209439510    2.303834613   45.903788911   57.014492608   25.070901419
   -0.104719755    2.303834613   51.704049066   53.271510705   28.842047685
    0.000000000    2.303834613   56.965566805   46.789809167   31.031465634
    0.104719755    2.303834613   61.411182568   37.691608053   31.383477568
    0.209439510    2.303834613   64.773372449   26.178109980   29.703495659
    0.314159265    2.303834613   66.822237314   12.737644019   26.146883091
    0.418879020    2.303834613   67.408084468   -1.528989425   21.089555866
    0.523598776    2.303834613   66.529128216  -15.013051381   14.873894999
    0.628318531    2.303834613   64.346013553  -26.111019057    7.953615928
    0.733038286    2.303834613   61.202772653  -33.070463254    0.597850331
    0.837758041    2.303834613   57.615454466  -34.478213236   -6.402008511
    0.942477796    2.303834613   54.201198873  -29.764533786  -12.365202674
    1.047197551    2.303834613   51.575049891  -19.606743419  -16.938774260
    1.151917306    2.303834613   50.219356873   -5.845034219  -19.896845253
    1.256637061    2.303834613   50.382910381    8.891546135  -21.467269807
    1.361356817    2.303834613   52.019409230   21.873044111  -22.133929906
    1.466076572    2.303834613   54.821641264   30.862835678  -22.277405479
    1.570796327    2.303834613   58.303092377   34.791923644  -22.261355819
    1.675516082    2.303834613   61.937396494   33.873234352  -22.144819650
    1.780235837    2.303834613   65.257853349   29.006003214  -21.930486989
    1.884955592    2.303834613   67.918787914   21.444549374  -21.680337033
    1.989675347    2.303834613   69.687489302   11.985314615  -21.454070608
    2.094395102    2.303834613   70.384697331    1.075537778  -21.450181191
    2.199114858    2.303834613   69.863466776  -11.309921901  -21.873761217
    2.303834613    2.303834613   67.973262077  -24.955040182  -22.755310558
    2.408554368    2.303834613   64.621299988  -39.055972483  -23.973265925
    2.513274123    2.303834613   59.825640215  -52.204682075  -25.205795825
    2.617993878    2.303834613   53.779550706  -62.649953917  -26.129616954
    2.722713633    2.303834613   46.837785475  -69.105312355  -26.485744433
    2.827433388    2.303834613   39.481288111  -70.553344659  -26.108451108
    2.932153143    2.303834613   32.217506506  -67.465684262  -25.046677397
    3.036872898    2.303834613   25.484073719  -60.652123382  -23.517553150

   -3.141592654    2.408554368   17.486415744  -49.755507666  -18.306092340
   -3.036872898    2.408554368   12.814442253  -39.377691333  -16.828399199
   -2.932153143    2.408554368    9.241848536  -28.940376861  -15.725150605
   -2.827433388    2.408554368    6.709111880  -19.703800828  -14.889409291
   -2.722713633    2.408554368    5.058470766  -12.254837899  -14.378066232
   -2.617993878    2.408554368    4.079016352   -6.743591013  -13.938326601
   -2.513274123    2.408554368    3.588769954   -2.855747317  -13.369621953
   -2.408554368    2.408554368    3.456281293    0.243087801  -12.412513537
   -2.303834613    2.408554368    3.630363216    2.943060480  -11.092423206
   -2.199114858    2.408554368    4.044518549    4.680935818   -9.522708567
   -2.094395102    2.408554368    4.568100908    5.067326922   -7.849832102
   -1.989675347    2.408554368    5.061212454    4.178140058   -6.137252272
   -1.884955592    2.408554368    5.418211167    2.613571678   -4.524885415
   -1.780235837    2.408554368    5.612104134    1.217367090   -2.898436642
   -1.675516082    2.408554368    5.698636648    0.552024306   -1.420479638
   -1.570796327    2.408554368    5.764493575    0.818663984   -0.137871419
   -1.466076572    2.408554368    5.908767209    2.130427448    0.956012228
   -1.361356817    2.408554368    6.250406828    4.585112407    1.843967811
   -1.256637061    2.408554368    6.923441319    8.532043054    2.456562806
   -1.151917306    2.408554368    8.077882386   13.661695527    2.974315077
   -1.047197551    2.408554368    9.823948699   19.794077087    3.493493954
   -0.942477796    2.408554368   12.241731306   26.483043554    4.516459448
   -0.837758041    2.408554368   15.389860827   33.772746949    6.237756492
   -0.733038286    2.408554368   19.332346714   41.562782237    9.014742493
   -0.628318531    2.408554368   24.098941585   49.349924047   12.653048566
   -0.523598776    2.408554368   29.637817230   56.171141887   17.058983643
   -0.418879020    2.408554368   35.789237541   60.841155671   21.675097531
   -0.314159265    2.408554368   42.272799119   62.434380294   25.868357694
   -0.209439510    2.408554368   48.746644128   60.619664932   29.113423744
   -0.104719755    2.408554368   54.845948501   55.326104087   30.952723265
    0.000000000    2.408554368   60.232247877   47.029882796   31.086365945
    0.104719755    2.408554368   64.604171496   36.014554528   29.263486565
    0.209439510    2.408554368   67.692444766   22.653610341   25.687088946
    0.314159265    2.408554368   69.290919794    7.705537001   20.673657186
    0.418879020    2.408554368   69.286091979   -7.699265577   14.469502766
    0.523598776    2.408554368   67.711915696  -22.034918630    7.409240647
    0.628318531    2.408554368   64.771089113  -33.517745592    0.028296937
    0.733038286    2.408554368   60.860507830  -40.198369576   -7.168164031
    0.837758041    2.408554368   56.567857344  -40.668143562  -13.566415241
    0.942477796    2.408554368   52.576905190  -34.535573263  -18.533826430
    1.047197551    2.408554368   49.541424468  -22.681176646  -21.715724339
    1.151917306    2.408554368   47.950437749   -7.382868193  -23.243253470
    1.256637061    2.408554368   48.017597578    8.467749897  -23.505058876
    1.361356817    2.408554368   49.647875661   22.040710564  -23.035793132
    1.466076572    2.408554368   52.477547867   31.166765752  -22.317012921
    1.570796327    2.408554368   55.992989651   35.117095351  -21.608692711
    1.675516082    2.408554368   59.660800750   34.199605764  -21.025051153
    1.780235837    2.408554368   63.018525004   29.377767734  -20.481778422
    1.884955592    2.408554368   65.718102861   21.803231315  -19.933247388
    1.989675347    2.408554368   67.516669959   12.161293147  -19.552619367
    2.094395102    2.408554368   68.216746198    0.925687388  -19.487002073
    2.199114858    2.408554368   67.656151742  -11.885722215  -19.829072561
    2.303834613    2.408554368   65.679835999  -25.976130283  -20.657931918
    2.408554368    2.408554368   62.212312015  -40.226311287  -21.667457421
    2.513274123    2.408554368   57.297496912  -53.195711627  -22.686401799
    2.617993878    2.408554368   51.171601049  -63.211052083  -23.345029952
    2.722713633    2.408554368   44.216564324  -68.867511103  -23.302665507
    2.827433388    2.408554368   36.917350914  -69.730957975  -22.589717595
    2.932153143    2.408554368   29.771712357  -66.085299733  -21.379939605
    3.036872898    2.408554368   23.195097357  -59.065852082  -19.936215330

   -3.141592654    2.513274123   15.799708576  -48.290419964  -13.753848782
   -3.036872898    2.513274123   11.264477747  -38.275689732  -12.686798361
   -2.932153143    2.513274123    7.787262588  -28.220258362  -12.012473646
   -2.827433388    2.513274123    5.314186752  -19.265836550  -11.639749319
   -2.722713633    2.513274123    3.700129607  -11.889927422  -11.423658044
   -2.617993878    2.513274123    2.759146529   -6.350829951  -11.060841005
   -2.513274123    2.513274123    2.329705792   -2.052863964  -10.452151111
   -2.408554368    2.513274123    2.302831274    1.492157438   -9.395251661
   -2.303834613    2.513274123    2.617579800    4.422522607   -8.023610364
   -2.199114858    2.513274123    3.190360064    6.287966448   -6.545721252
   -2.094395102    2.513274123    3.884825824    6.747176900   -4.981390590
   -1.989675347    2.513274123    4.549680714    5.791154829   -3.353192776
   -1.884955592    2.513274123    5.076362098    4.243510199   -1.763043910
   -1.780235837    2.513274123    5.433107509    2.717611224   -0.285441064
   -1.675516082    2.513274123    5.670728085    1.922577361    1.144439032
   -1.570796327    2.513274123    5.864538653    1.951042060    2.267351000
   -1.466076572    2.513274123    6.108709363    2.896206813    3.035253331
   -1.361356817    2.513274123    6.518325478    5.183246649    3.484317079
   -1.256637061    2.513274123    7.241765863    8.947496912    3.864869601
   -1.151917306    2.513274123    8.449682699   14.316217922    4.361879522
   -1.047197551    2.513274123   10.283834959   20.912623922    5.505160147
   -0.942477796    2.513274123   12.859865189   28.424158789    7.581463554
   -0.837758041    2.513274123   16.264121900   36.740743582   10.718685865
   -0.733038286    2.513274123   20.566658366   45.495550341   14.823458856
   -0.628318531    2.513274123   25.778690103   53.930596480   19.619545135
   -0.523598776    2.513274123   31.806285448   60.790865472   24.442368766
   -0.418879020    2.513274123   38.417197393   64.905119599   28.542847591
   -0.314159265    2.513274123   45.273720521   65.422403834   31.424568555
   -0.209439510    2.513274123   51.983399145   62.086690410   32.567745952
   -0.104719755    2.513274123   58.148231355   55.085660708   31.939900701
    0.000000000    2.513274123   63.414269352   45.010883600   29.533564360
    0.104719755    2.513274123   67.479228837   32.266696349   25.456432935
    0.209439510    2.513274123   70.099697568   17.499170065   20.082705774
    0.314159265    2.513274123   71.094356172    1.373149735   13.637578141
    0.418879020    2.513274123   70.387777976  -14.788393543    6.500953294
    0.523598776    2.513274123   68.051093827  -29.411131978   -0.925009718
    0.628318531    2.513274123   64.336685474  -40.776643531   -8.301462943
    0.733038286    2.513274123   59.699332779  -46.706984687  -14.862433802
    0.837758041    2.513274123   54.795181594  -45.788133921  -20.094654510
    0.942477796    2.513274123   50.357074844  -37.867715052  -23.632228514
    1.047197551    2.513274123   47.067623187  -24.214001345  -25.266958223
    1.151917306    2.513274123   45.397009924   -7.441261090  -25.271661176
    1.256637061    2.513274123   45.510109339    9.319038515  -24.187279939
    1.361356817    2.513274123   47.247020461   23.181464642  -22.634287423
    1.466076572    2.513274123   50.196384279   32.264246564  -21.085613480
    1.570796327    2.513274123   53.821357963   36.086762024  -19.684122014
    1.675516082    2.513274123   57.585510380   35.071328325  -18.393726312
    1.780235837    2.513274123   61.034679001   30.219384023  -17.199004019
    1.884955592    2.513274123   63.816146042   22.492444553  -16.135411525
    1.989675347    2.513274123   65.670852261   12.597384056  -15.415321168
    2.094395102    2.513274123   66.383162721    0.782556191  -15.256357157
    2.199114858    2.513274123   65.778004960  -12.558046766  -15.715001038
    2.303834613    2.513274123   63.714640657  -26.946893673  -16.595593339
    2.408554368    2.513274123   60.139093054  -41.226027993  -17.674368177
    2.513274123    2.513274123   55.129849731  -53.955672619  -18.501474969
    2.617993878    2.513274123   48.952324701  -63.384764776  -18.854241075
    2.722713633    2.513274123   42.012201902  -68.376161584  -18.575688631
    2.827433388    2.513274123   34.797265020  -68.669779523  -17.734604335
    2.932153143    2.513274123   27.780444393  -64.731491868  -16.458201095
    3.036872898    2.513274123   21.355187393  -57.569861613  -15.073480707

   -3.141592654    2.617993878   14.616094205  -47.278557468   -8.851271848
   -3.036872898    2.617993878   10.168891294  -37.590130887   -8.187620446
   -2.932153143    2.617993878    6.742828135  -27.892353955   -7.867644643
   -2.827433388    2.617993878    4.291288220  -19.135580017   -7.814631297
   -2.722713633    2.617993878    2.692139595  -11.678444434   -7.709738300
   -2.617993878    2.617993878    1.789501805   -5.795716612   -7.269616917
   -2.513274123    2.617993878    1.437185434   -1.074727868   -6.440917032
   -2.408554368    2.617993878    1.532179385    2.778625573   -5.172114745
   -2.303834613    2.617993878    1.997733575    5.928187357   -3.675400752
   -2.199114858    2.617993878    2.724829013    7.740045946   -2.178345960
   -2.094395102    2.617993878    3.576977520    8.250148801   -0.786841606
   -1.989675347    2.617993878    4.397172379    7.270501929    0.618748279
   -1.884955592    2.617993878    5.079808260    5.661524091    2.036788914
   -1.780235837    2.617993878    5.593623690    4.165051479    3.508621460
   -1.675516082    2.617993878    5.973462661    3.151660149    4.745258851
   -1.570796327    2.617993878    6.275339768    2.781366171    5.731745110
   -1.466076572    2.617993878    6.585528665    3.328499054    6.226020507
   -1.361356817    2.617993878    7.028176655    5.350198617    6.424841356
   -1.256637061    2.617993878    7.781934381    9.362645734    6.706793576
   -1.151917306    2.617993878    9.055295740   15.269027591    7.524328613
   -1.047197551    2.617993878   11.044208304   22.899759790    9.332500129
   -0.942477796    2.617993878   13.889625468   31.635086799   12.426282393
   -0.837758041    2.617993878   17.695391885   41.044000576   16.887691712
   -0.733038286    2.617993878   22.489000258   50.482751268   22.118595739
   -0.628318531    2.617993878   28.238255846   58.986778116   27.427552615
   -0.523598776    2.617993878   34.761774861   65.138961032   31.945746400
   -0.418879020    2.617993878   41.754738013   67.777420543   35.068507504
   -0.314159265    2.617993878   48.818793290   66.447368908   36.095483038
   -0.209439510    2.617993878   55.532189442   61.107042523   34.987064938
   -0.104719755    2.617993878   61.497899522   52.267661296   31.858742819
    0.000000000    2.617993878   66.379072015   40.561239799   26.983884751
    0.104719755    2.617993878   69.909331994   26.547117081   20.896241787
    0.209439510    2.617993878   71.878671987   10.827240023   13.905166810
    0.314159265    2.617993878   72.136891486   -5.936961643    6.305073068
    0.418879020    2.617993878   70.644385908  -22.364397907   -1.462077108
    0.523598776    2.617993878   67.518830730  -36.839068611   -9.045596970
    0.628318531    2.617993878   63.060848707  -47.448783523  -15.890353024
    0.733038286    2.617993878   57.789944294  -52.038093676  -21.393943748
    0.837758041    2.617993878   52.409294444  -49.442297690  -25.131927343
    0.942477796    2.617993878   47.690830664  -39.565887023  -26.929682968
    1.047197551    2.617993878   44.316835448  -24.165414045  -26.918002791
    1.151917306    2.617993878   42.718241335   -6.177096057  -25.593293180
    1.256637061    2.617993878   43.000179802   11.181706000  -23.546051285
    1.361356817    2.617993878   44.938706906   25.110673490  -21.309097070
    1.466076572    2.617993878   48.083497992   34.069482708  -19.143560586
    1.570796327    2.617993878   51.890543641   37.764835804  -17.164598352
    1.675516082    2.617993878   55.827914492   36.688198957  -15.170077827
    1.780235837    2.617993878   59.439775971   31.746902157  -13.245386199
    1.884955592    2.617993878   62.365211867   23.626775046  -11.586897493
    1.989675347    2.617993878   64.312072123   13.155940701  -10.506783530
    2.094395102    2.617993878   65.049482855    0.637004415  -10.204749180
    2.199114858    2.617993878   64.392626353  -13.346247368  -10.704612615
    2.303834613    2.617993878   62.230167647  -28.023801958  -11.658775353
    2.408554368    2.617993878   58.544159875  -42.184655831  -12.714992769
    2.513274123    2.617993878   53.457279261  -54.506490565  -13.386362743
    2.617993878    2.617993878   47.252742822  -63.307071526  -13.550646963
    2.722713633    2.617993878   40.349367605  -67.763753158  -13.123336441
    2.827433388    2.617993878   33.226349908  -67.568311175  -12.220785285
    2.932153143    2.617993878   26.337972498  -63.396870018  -11.045233796
    3.036872898    2.617993878   20.050702615  -56.303779023   -9.838646609

   -3.141592654    2.722713633   13.933650567  -46.644348470   -4.230778530
   -3.036872898    2.722713633    9.539307782  -37.256943877   -3.828365288
   -2.932153143    2.722713633    6.136089700  -27.789774012   -3.716109788
   -2.827433388    2.722713633    3.691785214  -19.030525409   -3.602285496
   -2.722713633    2.722713633    2.114220088  -11.356966990   -3.260557600
   -2.617993878    2.722713633    1.267421755   -5.035499433   -2.595003901
   -2.513274123    2.722713633    1.014478889    0.088822708   -1.573810452
   -2.408554368    2.722713633    1.250271652    4.240236240   -0.137181396
   -2.303834613    2.722713633    1.873073324    7.432393772    1.401711625
   -2.199114858    2.722713633    2.755864781    9.136942654    2.766549244
   -2.094395102    2.722713633    3.746712481    9.521010139    4.016593637
   -1.989675347    2.722713633    4.699233884    8.583511343    5.181050429
   -1.884955592    2.722713633    5.521505474    7.032272987    6.392467733
   -1.780235837    2.722713633    6.176403500    5.451174628    7.622692255
   -1.675516082    2.722713633    6.681808756    4.221775359    8.722094030
   -1.570796327    2.722713633    7.076276974    3.425458043    9.574618784
   -1.466076572    2.722713633    7.432825033    3.606279588    9.986914043
   -1.361356817    2.722713633    7.894430007    5.588405813   10.234013118
   -1.256637061    2.722713633    8.687439544    9.968600929   10.803671245
   -1.151917306    2.722713633   10.074515062   16.917058894   12.196279964
   -1.047197551    2.722713633   12.301748438   25.882779359   14.941014001
   -0.942477796    2.722713633   15.530537671   35.930735703   19.137923536
   -0.837758041    2.722713633   19.843939801   46.399225582   24.315240649
   -0.733038286    2.722713633   25.218258942   55.989165745   30.054136646
   -0.628318531    2.722713633   31.516824878   63.830468156   35.135130103
   -0.523598776    2.722713633   38.475134523   68.437281482   38.783028754
   -0.418879020    2.722713633   45.710736478   69.016538985   40.197694538
   -0.314159265    2.722713633   52.777604029   65.266998717   39.192480368
   -0.209439510    2.722713633   59.252645520   57.851169547   35.805084952
   -0.104719755    2.722713633   64.770582320   47.081375364   30.414784976
    0.000000000    2.722713633   69.039942042   34.107541252   23.736348319
    0.104719755    2.722713633   71.848870093   19.266030383   16.147564142
    0.209439510    2.722713633   73.019726622    2.914960659    7.996635663
    0.314159265    2.722713633   72.439318611  -13.986704829   -0.312221096
    0.418879020    2.722713633   70.115230780  -30.164832116   -8.378514398
    0.523598776    2.722713633   66.203662293  -43.982008234  -15.818622377
    0.628318531    2.722713633   61.065395965  -53.201196249  -21.862773944
    0.733038286    2.722713633   55.284421656  -56.002204644  -26.061623190
    0.837758041    2.722713633   49.602352141  -51.272728927  -28.066379929
    0.942477796    2.722713633   44.795294745  -39.500703609  -28.035836491
    1.047197551    2.722713633   41.502876488  -22.743032924  -26.497360275
    1.151917306    2.722713633   40.103612997   -3.927125073  -24.072337107
    1.256637061    2.722713633   40.632213326   13.576591074  -21.499920805
    1.361356817    2.722713633   42.816857880   27.394572356  -19.093586171
    1.466076572    2.722713633   46.194867478   36.261254623  -16.802556650
    1.570796327    2.722713633   50.231226086   39.995723295  -14.523610816
    1.675516082    2.722713633   54.403271912   38.967832326  -12.087038397
    1.780235837    2.722713633   58.248871960   33.868820949   -9.645600191
    1.884955592    2.722713633   61.375083980   25.329747445   -7.472234013
    1.989675347    2.722713633   63.452922733   13.951623625   -6.091927128
    2.094395102    2.722713633   64.228232765    0.554850941   -5.657707425
    2.199114858    2.722713633   63.526091697  -14.082931364   -5.997005312
    2.303834613    2.722713633   61.266807224  -29.002685160   -6.857941558
    2.408554368    2.722713633   57.477481631  -43.078388148   -7.730843727
    2.513274123    2.722713633   52.328194647  -54.811301148   -8.214939638
    2.617993878    2.722713633   46.118307169  -63.095547133   -8.110662105
    2.722713633    2.722713633   39.264214067  -67.017313895   -7.634104124
    2.827433388    2.722713633   32.235852177  -66.555813421   -6.738243694
    2.932153143    2.722713633   25.461282714  -62.314202140   -5.787353158
    3.036872898    2.722713633   19.283304470  -55.307026702   -4.891146282

   -3.141592654    2.827433388   13.720017997  -46.325278714    0.090401843
   -3.036872898    2.827433388    9.349751518  -37.076690404    0.215142832
   -2.932153143    2.827433388    5.961870030  -27.679791247    0.423212244
   -2.827433388    2.827433388    3.541138086  -18.677010365    0.717651409
   -2.722713633    2.827433388    2.010420354  -10.738828289    1.336667811
   -2.617993878    2.827433388    1.248768679   -4.042680179    2.290336710
   -2.513274123    2.827433388    1.121384032    1.459202851    3.596612090
   -2.408554368    2.827433388    1.512099124    5.754723837    5.083593346
   -2.303834613    2.827433388    2.285723364    8.829238191    6.445014500
   -2.199114858    2.827433388    3.305768882   10.400212726    7.655654307
   -2.094395102    2.827433388    4.411081973   10.457163691    8.530920904
   -1.989675347    2.827433388    5.468090554    9.609600398    9.384951363
   -1.884955592    2.827433388    6.401618487    8.192627821   10.373435270
   -1.780235837    2.827433388    7.179430517    6.586756273   11.432515852
   -1.675516082    2.827433388    7.793185005    5.152843427   12.418962323
   -1.570796327    2.827433388    8.267098323    4.017419523   13.101756657
   -1.466076572    2.827433388    8.673118370    3.990122964   13.628131455
   -1.361356817    2.827433388    9.175596421    6.054698753   14.211618887
   -1.256637061    2.827433388   10.057840413   11.302505413   15.442743541
   -1.151917306    2.827433388   11.642937348   19.469241571   17.764237068
   -1.047197551    2.827433388   14.210360741   29.822050619   21.570530687
   -0.942477796    2.827433388   17.922251815   41.091062380   26.623273831
   -0.837758041    2.827433388   22.810319064   52.118646318   32.322649605
   -0.733038286    2.827433388   28.775267075   61.377902192   37.799104103
   -0.628318531    2.827433388   35.567173798   67.749726746   41.988222640
   -0.523598776    2.827433388   42.825083667   70.199762506   43.984240917
   -0.418879020    2.827433388   50.106692197   68.175000051   43.391017250
   -0.314159265    2.827433388   56.952906638   61.975892901   40.204206882
   -0.209439510    2.827433388   62.966903987   52.368244466   34.845550277
   -0.104719755    2.827433388   67.834755757   40.255806579   27.887575014
    0.000000000    2.827433388   71.334055536   26.327176236   20.011092042
    0.104719755    2.827433388   73.292755335   10.903580567   11.465642899
    0.209439510    2.827433388   73.578292980   -5.626794387    2.816902527
    0.314159265    2.827433388   72.110737290  -22.336199373   -5.724765120
    0.418879020    2.827433388   68.937466517  -37.960687347  -13.821518778
    0.523598776    2.827433388   64.269861691  -50.494319378  -20.776186820
    0.628318531    2.827433388   58.548401340  -57.776395501  -25.877152437
    0.733038286    2.827433388   52.407512860  -58.264684216  -28.539841638
    0.837758041    2.827433388   46.607071784  -51.334340577  -28.874697615
    0.942477796    2.827433388   41.886730376  -37.856311086  -27.234490201
    1.047197551    2.827433388   38.826442072  -20.109016816  -24.414936705
    1.151917306    2.827433388   37.718142856   -1.106846406  -21.248885228
    1.256637061    2.827433388   38.532284187   16.158678921  -18.411872234
    1.361356817    2.827433388   40.969729438   29.661190068  -16.042615405
    1.466076572    2.827433388   44.578066288   38.415491791  -14.007353313
    1.570796327    2.827433388   48.848460095   42.346682692  -11.943582069
    1.675516082    2.827433388   53.279378887   41.494506796   -9.487218475
    1.780235837    2.827433388   57.390189165   36.320537469   -6.938750316
    1.884955592    2.827433388   60.747933379   27.234060444   -4.741474475
    1.989675347    2.827433388   62.982073123   14.968199073   -3.166624645
    2.094395102    2.827433388   63.815199918    0.686187662   -2.493350346
    2.199114858    2.827433388   63.089489546  -14.608699688   -2.540407387
    2.303834613    2.827433388   60.761679310  -29.733340753   -2.989993946
    2.408554368    2.827433388   56.902267033  -43.616778874   -3.371529113
    2.513274123    2.827433388   51.723933610  -54.869121784   -3.434206899
    2.617993878    2.827433388   45.533915657  -62.670875883   -3.075537208
    2.722713633    2.827433388   38.744562245  -66.244228053   -2.355048782
    2.827433388    2.827433388   31.806094788  -65.631443581   -1.507519602
    2.932153143    2.827433388   25.122734940  -61.466794646   -0.753004539
    3.036872898    2.827433388   19.020525612  -54.697575827   -0.181556201

   -3.141592654    2.932153143   13.958928540  -46.194660392    4.550025742
   -3.036872898    2.932153143    9.602142797  -36.901696827    4.661627667
   -2.932153143    2.932153143    6.236573429  -27.371607818    4.921731199
   -2.827433388    2.932153143    3.859582761  -18.135335869    5.391341631
   -2.722713633    2.932153143    2.404214084   -9.832579350    6.233183979
   -2.617993878    2.932153143    1.755786384   -2.814059792    7.367683354
   -2.513274123    2.932153143    1.765788903    2.821003540    8.663802700
   -2.408554368    2.932153143    2.298897450    7.103493987    9.910898075
   -2.303834613    2.932153143    3.204336403    9.991781227   10.982915832
   -2.199114858    2.932153143    4.326798332   11.255366836   11.872976878
   -2.094395102    2.932153143    5.509907418   11.183803747   12.360720012
   -1.989675347    2.932153143    6.644328776   10.380303781   12.998502277
   -1.884955592    2.932153143    7.670926356    9.177888770   13.790004477
   -1.780235837    2.932153143    8.552105070    7.582637004   14.718372963
   -1.675516082    2.932153143    9.259991802    5.954633000   15.517490147
   -1.570796327    2.932153143    9.803050787    4.575512745   16.145882039
   -1.466076572    2.932153143   10.265586741    4.598804092   16.764686785
   -1.361356817    2.932153143   10.859595506    7.280539491   17.866677814
   -1.256637061    2.932153143   11.917455166   13.490174871   20.018583260
   -1.151917306    2.932153143   13.804758584   23.096800664   23.485419499
   -1.047197551    2.932153143   16.824001611   34.776076476   28.301339802
   -0.942477796    2.932153143   21.101622289   46.849108460   33.977449253
   -0.837758041    2.932153143   26.592911067   57.695755633   39.704234367
   -0.733038286    2.932153143   33.089481963   65.858994083   44.318256911
   -0.628318531    2.932153143   40.241739984   70.094649865   46.930990418
   -0.523598776    2.932153143   47.608877428   69.839854339   46.967878593
   -0.418879020    2.932153143   54.713684279   65.136397989   44.186544961
   -0.314159265    2.932153143   61.122611606   56.694426069   39.050380354
   -0.209439510    2.932153143   66.489380617   45.429167648   32.215615211
   -0.104719755    2.932153143   70.571030247   32.326563797   24.249014895
    0.000000000    2.932153143   73.207064229   17.815950638   15.725816178
    0.104719755    2.932153143   74.262113779    2.188203605    7.074738621
    0.209439510    2.932153143   73.637787716  -14.227143018   -1.533892208
    0.314159265    2.932153143   71.282469160  -30.638111561   -9.919547209
    0.418879020    2.932153143   67.281010656  -45.349892596  -17.552553556
    0.523598776    2.932153143   61.925931468  -56.149360501  -23.687673023
    0.628318531    2.932153143   55.726992927  -61.128924057  -27.719448200
    0.733038286    2.932153143   49.368195297  -59.051738441  -29.226191064
    0.837758041    2.932153143   43.611260079  -49.783430882  -28.066668521
    0.942477796    2.932153143   39.140511755  -34.848798499  -25.073230681
    1.047197551    2.932153143   36.431722726  -16.580559681  -21.213552070
    1.151917306    2.932153143   35.684474947    2.138091706  -17.586076985
    1.256637061    2.932153143   36.799410614   18.691090288  -14.611317833
    1.361356817    2.932153143   39.468792865   31.604520288  -12.503083428
    1.466076572    2.932153143   43.269000225   40.217941651  -10.903200594
    1.570796327    2.932153143   47.736483717   44.337875320   -9.263586491
    1.675516082    2.932153143   52.394332906   43.847189108   -7.409352631
    1.780235837    2.932153143   56.755836389   38.620932587   -5.307210296
    1.884955592    2.932153143   60.337967684   29.133325602   -3.282285884
    1.989675347    2.932153143   62.736037475   16.216216237   -1.757703487
    2.094395102    2.932153143   63.652568871    1.087530965   -0.812881403
    2.199114858    2.932153143   62.943774400  -14.659189766   -0.443631623
    2.303834613    2.932153143   60.602635894  -29.930171251   -0.271563639
    2.408554368    2.932153143   56.740411312  -43.499581383    0.106493438
    2.513274123    2.932153143   51.586216118  -54.441306807    0.722884241
    2.617993878    2.932153143   45.461009815  -61.879178465    1.620695446
    2.722713633    2.932153143   38.765130114  -65.346724282    2.678055975
    2.827433388    2.932153143   31.913961560  -64.850666635    3.584713867
    2.932153143    2.932153143   25.300995679  -60.938815297    4.194905616
    3.036872898    2.932153143   19.241095480  -54.462040037    4.436221349

   -3.141592654    3.036872898   14.687666063  -46.171169348    9.501153715
   -3.036872898    3.036872898   10.336266084  -36.791942217    9.492444710
   -2.932153143    3.036872898    6.994707849  -26.974808618    9.699413416
   -2.827433388    3.036872898    4.677033342  -17.390856371   10.301230511
   -2.722713633    3.036872898    3.313791307   -8.828020378   11.101268085
   -2.617993878    3.036872898    2.780513567   -1.600037172   12.160785356
   -2.513274123    3.036872898    2.923371060    4.069273568   13.379910080
   -2.408554368    3.036872898    3.576771439    8.133288656   14.445385840
   -2.303834613    3.036872898    4.579633355   10.729943587   15.181928878
   -2.199114858    3.036872898    5.767333561   11.661096706   15.612184526
   -2.094395102    3.036872898    6.997054526   11.644624482   16.033628110
   -1.989675347    3.036872898    8.184935718   11.008633222   16.449627179
   -1.884955592    3.036872898    9.284543022    9.885485569   17.078162370
   -1.780235837    3.036872898   10.247699561    8.439418742   17.772987993
   -1.675516082    3.036872898   11.035280871    6.552761913   18.365830796
   -1.570796327    3.036872898   11.640018625    5.156087271   18.990944643
   -1.466076572    3.036872898   12.179850541    5.563464467   19.816341216
   -1.361356817    3.036872898   12.919357047    9.192429993   21.496218028
   -1.256637061    3.036872898   14.245889112   16.787177886   24.479209115
   -1.151917306    3.036872898   16.550831763   27.721525371   28.926450786
   -1.047197551    3.036872898   20.113835537   40.400680637   34.376213324
   -0.942477796    3.036872898   25.000730970   52.683061874   40.220781628
   -0.837758041    3.036872898   31.061542178   62.565093000   45.293409256
   -0.733038286    3.036872898   37.975814424   68.808438356   48.584728588
   -0.628318531    3.036872898   45.307277475   70.493132151   49.382252099
   -0.523598776    3.036872898   52.568577911   67.387131508   47.357909673
   -0.418879020    3.036872898   59.281416863   60.225720584   42.696395643
   -0.314159265    3.036872898   65.068930443   49.890535405   36.019407368
   -0.209439510    3.036872898   69.659113823   37.470073147   28.085610295
   -0.104719755    3.036872898   72.878762830   23.836795869   19.718762604
    0.000000000    3.036872898   74.621649952    9.280896398   11.248594676
    0.104719755    3.036872898   74.783066931   -6.304037299    2.880103376
    0.209439510    3.036872898   73.275801748  -22.521901010   -5.270585810
    0.314159265    3.036872898   70.073662564  -38.431636728  -13.015978250
    0.418879020    3.036872898   65.315994787  -51.884016575  -19.782476525
    0.523598776    3.036872898   59.364144056  -60.857483935  -25.002044560
    0.628318531    3.036872898   52.796739843  -63.374990496  -28.000369643
    0.733038286    3.036872898   46.346395496  -58.584153684  -28.247566796
    0.837758041    3.036872898   40.764108494  -47.037784235  -26.111847063
    0.942477796    3.036872898   36.656329756  -30.808784719  -22.279408505
    1.047197551    3.036872898   34.388301435  -12.393551157  -17.767657601
    1.151917306    3.036872898   34.046905766    5.616900163  -13.728791044
    1.256637061    3.036872898   35.477757961   21.176776615  -10.673025915
    1.361356817    3.036872898   38.359383580   33.256207178   -8.724764525
    1.466076572    3.036872898   42.306280337   41.483800383   -7.512067150
    1.570796327    3.036872898   46.908545225   45.713516061   -6.539290846
    1.675516082    3.036872898   51.721634831   45.470639898   -5.465232799
    1.780235837    3.036872898   56.260787489   40.443542484   -4.220812284
    1.884955592    3.036872898   60.023468040   30.788279578   -2.841444296
    1.989675347    3.036872898   62.573536313   17.427557248   -1.480788449
    2.094395102    3.036872898   63.600474163    1.930286564   -0.319739281
    2.199114858    3.036872898   62.961405429  -14.097759971    0.640342661
    2.303834613    3.036872898   60.679801540  -29.254486924    1.645678041
    2.408554368    3.036872898   56.900776242  -42.576188725    2.896114792
    2.513274123    3.036872898   51.854797475  -53.224597964    4.343770013
    2.617993878    3.036872898   45.861361669  -60.594919737    5.987994831
    2.722713633    3.036872898   39.297503985  -64.172036069    7.483346844
    2.827433388    3.036872898   32.550390155  -64.051738696    8.588939440
    2.932153143    3.036872898   26.001295220  -60.541448157    9.265157087
    3.036872898    3.036872898   19.964027519  -54.345749013    9.480237281
